id,test_uuid,function_name,fx_id,total_time,exe_time,latency,memory_limit,log_stream_name
1,bb52983e-1939-11ea-a696-b827ebbb6c40,Getter_list,2,0.9670102596282959,0.23680543899536133,0.7302048206329346,128,8d9af453ed644e4686d3e9513f5c0363
2,bb52983e-1939-11ea-a696-b827ebbb6c40,Getter_Random3-Test.png,2,0.037109375,0.000009775161743164062,0.037099599838256836,128,8d9af453ed644e4686d3e9513f5c0363
3,bb52983e-1939-11ea-a696-b827ebbb6c40,Getter_Timer-Test.png.png,2,0.49938368797302246,0.00000762939453125,0.4993760585784912,128,22cf4801f988439bae96e6fac95103ea
4,bb52983e-1939-11ea-a696-b827ebbb6c40,Getter_blue.png,2,0.020430326461791992,0.000008344650268554688,0.020421981811523438,128,22cf4801f988439bae96e6fac95103ea
5,bb52983e-1939-11ea-a696-b827ebbb6c40,Getter_green.png,2,0.059835195541381836,0.000010013580322265625,0.05982518196105957,128,8d9af453ed644e4686d3e9513f5c0363
6,bb52983e-1939-11ea-a696-b827ebbb6c40,Getter_red.png,2,0.0399165153503418,0.000009298324584960938,0.039907217025756836,128,22cf4801f988439bae96e6fac95103ea
7,bb52983e-1939-11ea-a696-b827ebbb6c40,Feed-Generator,3,2.3384363651275635,1.6245949268341064,0.713841438293457,128,b51671d83bdd4a178b371c1abacd2d4f
8,bb52983e-1939-11ea-a696-b827ebbb6c40,Feed-WebView,4,3.0918936729431152,2.3850252628326416,0.7068684101104736,128,7fa49abecef44aee8aae20891cd8ea4c
9,55d92000-19a1-11ea-93f4-b827ebbb6c40,Getter_list,2,0.9661655426025391,0.2226567268371582,0.7435088157653809,128,4197b763b6254ea7b239ca7beda47551
10,55d92000-19a1-11ea-93f4-b827ebbb6c40,Getter_Random3-Test.png,2,0.048349618911743164,0.00001049041748046875,0.048339128494262695,128,4197b763b6254ea7b239ca7beda47551
11,55d92000-19a1-11ea-93f4-b827ebbb6c40,Getter_Timer-Test.png.png,2,0.517420768737793,0.00000762939453125,0.5174131393432617,128,3b9b08a7054f4ac7872c2986b504fb5a
12,55d92000-19a1-11ea-93f4-b827ebbb6c40,Getter_blue.png,2,0.02073359489440918,0.000009059906005859375,0.02072453498840332,128,3b9b08a7054f4ac7872c2986b504fb5a
13,55d92000-19a1-11ea-93f4-b827ebbb6c40,Getter_green.png,2,0.039893150329589844,0.000010251998901367188,0.03988289833068848,128,4197b763b6254ea7b239ca7beda47551
14,55d92000-19a1-11ea-93f4-b827ebbb6c40,Getter_red.png,2,0.06005144119262695,0.000009775161743164062,0.06004166603088379,128,3b9b08a7054f4ac7872c2986b504fb5a
15,55d92000-19a1-11ea-93f4-b827ebbb6c40,Feed-Generator,3,2.367197036743164,1.6535446643829346,0.7136523723602295,128,ad890ae0989e4388aed78063ffefff63
16,55d92000-19a1-11ea-93f4-b827ebbb6c40,Feed-WebView,4,3.1955459117889404,2.445298433303833,0.7502474784851074,128,179db141f5f942f7ad9519448d07ba38
17,561e2ede-19a1-11ea-93f4-b827ebbb6c40,Getter_blue.png,2,0.22910499572753906,0.0000095367431640625,0.229095458984375,128,3b9b08a7054f4ac7872c2986b504fb5a
18,c3ce847e-19a1-11ea-a699-b827ebbb6c40,Getter_list,2,0.39000868797302246,0.3547511100769043,0.035257577896118164,128,3b9b08a7054f4ac7872c2986b504fb5a
19,c3ce847e-19a1-11ea-a699-b827ebbb6c40,Getter_Random3-Test.png,2,0.04474306106567383,0.000010013580322265625,0.04473304748535156,128,3b9b08a7054f4ac7872c2986b504fb5a
20,c3ce847e-19a1-11ea-a699-b827ebbb6c40,Getter_Timer-Test.png.png,2,0.02588176727294922,0.000015974044799804688,0.025865793228149414,128,3b9b08a7054f4ac7872c2986b504fb5a
21,c3ce847e-19a1-11ea-a699-b827ebbb6c40,Getter_blue.png,2,0.0400393009185791,0.00001049041748046875,0.04002881050109863,128,4197b763b6254ea7b239ca7beda47551
22,c3ce847e-19a1-11ea-a699-b827ebbb6c40,Getter_green.png,2,0.03981280326843262,0.000011205673217773438,0.039801597595214844,128,3b9b08a7054f4ac7872c2986b504fb5a
23,c3ce847e-19a1-11ea-a699-b827ebbb6c40,Getter_red.png,2,0.05976271629333496,0.000010967254638671875,0.05975174903869629,128,4197b763b6254ea7b239ca7beda47551
24,c3ce847e-19a1-11ea-a699-b827ebbb6c40,Feed-Generator,3,0.6307764053344727,0.6010739803314209,0.029702425003051758,128,ad890ae0989e4388aed78063ffefff63
25,c3ce847e-19a1-11ea-a699-b827ebbb6c40,Feed-WebView,4,0.8358924388885498,0.649421215057373,0.18647122383117676,128,179db141f5f942f7ad9519448d07ba38
26,c40b3e28-19a1-11ea-a699-b827ebbb6c40,Getter_blue.png,2,0.1765303611755371,0.000009775161743164062,0.17652058601379395,128,3b9b08a7054f4ac7872c2986b504fb5a
27,e8d14900-19a1-11ea-95a4-b827ebbb6c40,Getter_list,2,0.27190470695495605,0.2254934310913086,0.04641127586364746,128,3b9b08a7054f4ac7872c2986b504fb5a
28,e8d14900-19a1-11ea-95a4-b827ebbb6c40,Getter_Random3-Test.png,2,0.03510332107543945,0.000010013580322265625,0.03509330749511719,128,3b9b08a7054f4ac7872c2986b504fb5a
29,e8d14900-19a1-11ea-95a4-b827ebbb6c40,Getter_Timer-Test.png.png,2,0.03968071937561035,0.000009775161743164062,0.03967094421386719,128,4197b763b6254ea7b239ca7beda47551
30,e8d14900-19a1-11ea-95a4-b827ebbb6c40,Getter_blue.png,2,0.03992772102355957,0.000010967254638671875,0.0399167537689209,128,3b9b08a7054f4ac7872c2986b504fb5a
31,e8d14900-19a1-11ea-95a4-b827ebbb6c40,Getter_green.png,2,0.039856910705566406,0.000011205673217773438,0.03984570503234863,128,4197b763b6254ea7b239ca7beda47551
32,e8d14900-19a1-11ea-95a4-b827ebbb6c40,Getter_red.png,2,0.03989267349243164,0.0000095367431640625,0.03988313674926758,128,4197b763b6254ea7b239ca7beda47551
33,e8d14900-19a1-11ea-95a4-b827ebbb6c40,Feed-Generator,3,0.48323535919189453,0.4671776294708252,0.016057729721069336,128,ad890ae0989e4388aed78063ffefff63
34,e8d14900-19a1-11ea-95a4-b827ebbb6c40,Feed-WebView,4,0.6717708110809326,0.4852924346923828,0.1864783763885498,128,179db141f5f942f7ad9519448d07ba38
35,e9e7d44e-19a1-11ea-95a4-b827ebbb6c40,Getter_blue.png,2,0.15923738479614258,0.000011205673217773438,0.1592261791229248,128,4197b763b6254ea7b239ca7beda47551
36,7e1d880a-19ae-11ea-95a4-b827ebbb6c40,Getter_blue.png,2,0.7769145965576172,0.000008106231689453125,0.7769064903259277,128,21d59d8f0cbb47d5be77f2fe340b87b8
37,c6db6800-19ae-11ea-95a4-b827ebbb6c40,Getter_blue.png,2,0.22785043716430664,0.00001049041748046875,0.22783994674682617,128,21d59d8f0cbb47d5be77f2fe340b87b8
38,561d56b8-19af-11ea-95a4-b827ebbb6c40,Getter_blue.png,2,0.20980453491210938,0.000009298324584960938,0.20979523658752441,128,21d59d8f0cbb47d5be77f2fe340b87b8
39,2d088cba-19b0-11ea-95a4-b827ebbb6c40,Getter_blue.png,2,0.20500516891479492,0.00007081031799316406,0.20493435859680176,128,21d59d8f0cbb47d5be77f2fe340b87b8
40,4b5c7df6-19b1-11ea-95a4-b827ebbb6c40,Getter_blue.png,2,0.23050808906555176,0.0000095367431640625,0.2304985523223877,128,21d59d8f0cbb47d5be77f2fe340b87b8
41,b1ca7be6-19b2-11ea-95a4-b827ebbb6c40,Getter_blue.png,2,0.250093936920166,0.000010251998901367188,0.25008368492126465,128,21d59d8f0cbb47d5be77f2fe340b87b8
42,5f6d8224-19b4-11ea-95a4-b827ebbb6c40,Getter_blue.png,2,0.686927318572998,0.000007152557373046875,0.686920166015625,128,6834f5aaeb7243c5a3e9010ec15ca0ea
43,59fb9758-19b5-11ea-95a4-b827ebbb6c40,Getter_blue.png,2,0.1967015266418457,0.000010013580322265625,0.19669151306152344,128,6834f5aaeb7243c5a3e9010ec15ca0ea
44,9c1035b2-19b6-11ea-95a4-b827ebbb6c40,Getter_blue.png,2,0.19987821578979492,0.000010251998901367188,0.19986796379089355,128,6834f5aaeb7243c5a3e9010ec15ca0ea
45,266f66d2-19b8-11ea-95a4-b827ebbb6c40,Getter_blue.png,2,0.7265932559967041,0.000007867813110351562,0.7265853881835938,128,3e99acce8c44472fbd78c0fe94ccab99
46,fd37a972-19b8-11ea-95a4-b827ebbb6c40,Getter_blue.png,2,0.19565677642822266,0.000010013580322265625,0.1956467628479004,128,3e99acce8c44472fbd78c0fe94ccab99
47,1b86f7e2-19ba-11ea-95a4-b827ebbb6c40,Getter_blue.png,2,0.21405792236328125,0.000011444091796875,0.21404647827148438,128,3e99acce8c44472fbd78c0fe94ccab99
48,81591eb4-19bb-11ea-95a4-b827ebbb6c40,Getter_blue.png,2,0.18804144859313965,0.0000095367431640625,0.18803191184997559,128,3e99acce8c44472fbd78c0fe94ccab99
49,2f03a8b2-19bd-11ea-95a4-b827ebbb6c40,Getter_blue.png,2,0.6974794864654541,0.00000762939453125,0.6974718570709229,128,687f7f7f6a1d4a9f93d1cb81d164d668
50,298b2c92-19be-11ea-95a4-b827ebbb6c40,Getter_blue.png,2,0.17172646522521973,0.000009298324584960938,0.17171716690063477,128,687f7f7f6a1d4a9f93d1cb81d164d668
51,6b923634-19bf-11ea-95a4-b827ebbb6c40,Getter_blue.png,2,0.18005084991455078,0.000010251998901367188,0.18004059791564941,128,687f7f7f6a1d4a9f93d1cb81d164d668
52,f5632c96-19c0-11ea-95a4-b827ebbb6c40,Getter_blue.png,2,0.6615645885467529,0.0000073909759521484375,0.6615571975708008,128,bfc00dab24574cfb93007afb6cab0d8d
53,c6cc5752-19c2-11ea-95a4-b827ebbb6c40,Getter_blue.png,2,0.692852258682251,0.000007867813110351562,0.6928443908691406,128,37aca529dc6a431eab1e1a74f4c31b08
54,c14f079c-19c3-11ea-95a4-b827ebbb6c40,Getter_blue.png,2,0.18741321563720703,0.000010728836059570312,0.18740248680114746,128,37aca529dc6a431eab1e1a74f4c31b08
55,035fd048-19c5-11ea-95a4-b827ebbb6c40,Getter_blue.png,2,0.19596552848815918,0.0000095367431640625,0.19595599174499512,128,37aca529dc6a431eab1e1a74f4c31b08
56,8d4a8bb2-19c6-11ea-95a4-b827ebbb6c40,Getter_blue.png,2,0.6838696002960205,0.000008344650268554688,0.683861255645752,128,ece1a18d8a44418c8a83e86d27c1e034
57,5ebcbfca-19c8-11ea-95a4-b827ebbb6c40,Getter_blue.png,2,0.7218301296234131,0.000007867813110351562,0.7218222618103027,128,aa44f64fff844ffabbc5900a76deb599
58,012260aa-19cc-11ea-95a4-b827ebbb6c40,Getter_blue.png,2,0.7498002052307129,0.0000073909759521484375,0.7497928142547607,128,5b31d1ece44a49fbb25c084357055455
59,745c5e04-19d1-11ea-95a4-b827ebbb6c40,Getter_blue.png,2,0.7418506145477295,0.000007867813110351562,0.7418427467346191,128,c172a30f6abe40bfb4290e9acc7e402f
60,b88d3cd6-19d8-11ea-95a4-b827ebbb6c40,Getter_blue.png,2,0.7480354309082031,0.0000073909759521484375,0.748028039932251,128,f481f7973c0b4dc587d63550b699ee7e
61,cda8e512-19e1-11ea-95a4-b827ebbb6c40,Getter_blue.png,2,0.7480368614196777,0.000008106231689453125,0.7480287551879883,128,044412c43e754ad8a8424796ede94f94
62,b3abaa4a-19ec-11ea-95a4-b827ebbb6c40,Getter_blue.png,2,0.7587494850158691,0.0000073909759521484375,0.758742094039917,128,2f947ffe50c04697af95cdc39c642aa9
63,6aa10928-19f9-11ea-95a4-b827ebbb6c40,Getter_blue.png,2,0.7677855491638184,0.0000069141387939453125,0.7677786350250244,128,f1532fec4131462e984b6def630c1f28
64,f281d3d2-1a07-11ea-95a4-b827ebbb6c40,Getter_blue.png,2,0.7755498886108398,0.00000762939453125,0.7755422592163086,128,96987276f4a349759f43a6481e2af8c7
65,4b4e3d2e-1a18-11ea-95a4-b827ebbb6c40,Getter_blue.png,2,0.7933697700500488,0.000007152557373046875,0.7933626174926758,128,e1edcf63b1d541ebb96afb3b89127fdc
66,075b06d2-1ac8-11ea-b654-b827ebbb6c40,Getter_list,2,0.22550249099731445,0.20993542671203613,0.01556706428527832,128,09ea225310da4e2eaa9f626d0ec352d2
67,075b06d2-1ac8-11ea-b654-b827ebbb6c40,Getter_Random3-Test.png,2,0.031763315200805664,0.000011205673217773438,0.03175210952758789,128,09ea225310da4e2eaa9f626d0ec352d2
68,075b06d2-1ac8-11ea-b654-b827ebbb6c40,Feed-Generator,3,0.42101168632507324,0.2575674057006836,0.16344428062438965,128,4a3175f1772449c5822d1d63579cdb82
69,078282ca-1ac8-11ea-b654-b827ebbb6c40,Getter_list,2,0.05131888389587402,0.033470869064331055,0.01784801483154297,128,09ea225310da4e2eaa9f626d0ec352d2
70,078282ca-1ac8-11ea-b654-b827ebbb6c40,Getter_Random3-Test.png,2,0.03707766532897949,0.00001049041748046875,0.03706717491149902,128,09ea225310da4e2eaa9f626d0ec352d2
71,078282ca-1ac8-11ea-b654-b827ebbb6c40,Feed-Generator,3,0.25586605072021484,0.08867073059082031,0.16719532012939453,128,4a3175f1772449c5822d1d63579cdb82
72,07b35e04-1ac8-11ea-b654-b827ebbb6c40,Getter_list,2,0.0937967300415039,0.03754281997680664,0.056253910064697266,128,09ea225310da4e2eaa9f626d0ec352d2
73,07b35e04-1ac8-11ea-b654-b827ebbb6c40,Getter_Random3-Test.png,2,0.03968024253845215,0.000011444091796875,0.03966879844665527,128,09ea225310da4e2eaa9f626d0ec352d2
74,07b35e04-1ac8-11ea-b654-b827ebbb6c40,Feed-Generator,3,0.31809067726135254,0.1337435245513916,0.18434715270996094,128,4a3175f1772449c5822d1d63579cdb82
75,07db16ba-1ac8-11ea-b654-b827ebbb6c40,Getter_list,2,0.059447288513183594,0.026860952377319336,0.03258633613586426,128,09ea225310da4e2eaa9f626d0ec352d2
76,07db16ba-1ac8-11ea-b654-b827ebbb6c40,Getter_Random3-Test.png,2,0.03915858268737793,0.000010013580322265625,0.039148569107055664,128,09ea225310da4e2eaa9f626d0ec352d2
77,07db16ba-1ac8-11ea-b654-b827ebbb6c40,Feed-Generator,3,0.25832319259643555,0.09895586967468262,0.15936732292175293,128,4a3175f1772449c5822d1d63579cdb82
78,080051be-1ac8-11ea-b654-b827ebbb6c40,Getter_list,2,0.04390668869018555,0.02792215347290039,0.015984535217285156,128,09ea225310da4e2eaa9f626d0ec352d2
79,080051be-1ac8-11ea-b654-b827ebbb6c40,Getter_Random3-Test.png,2,0.043546199798583984,0.00001049041748046875,0.043535709381103516,128,09ea225310da4e2eaa9f626d0ec352d2
80,080051be-1ac8-11ea-b654-b827ebbb6c40,Feed-Generator,3,0.24176502227783203,0.08772587776184082,0.1540391445159912,128,4a3175f1772449c5822d1d63579cdb82
81,0f23bf80-1ac8-11ea-adad-b827ebbb6c40,Getter_list,2,0.18527650833129883,0.15648317337036133,0.0287933349609375,128,09ea225310da4e2eaa9f626d0ec352d2
82,0f23bf80-1ac8-11ea-adad-b827ebbb6c40,Getter_Random3-Test.png,2,0.021617412567138672,0.000010251998901367188,0.021607160568237305,128,09ea225310da4e2eaa9f626d0ec352d2
83,0f23bf80-1ac8-11ea-adad-b827ebbb6c40,Feed-Generator,3,0.3709414005279541,0.20717453956604004,0.16376686096191406,128,4a3175f1772449c5822d1d63579cdb82
84,0f53911a-1ac8-11ea-adad-b827ebbb6c40,Getter_list,2,0.10259532928466797,0.08638787269592285,0.016207456588745117,128,09ea225310da4e2eaa9f626d0ec352d2
85,0f53911a-1ac8-11ea-adad-b827ebbb6c40,Getter_Random3-Test.png,2,0.04451394081115723,0.00001049041748046875,0.04450345039367676,128,09ea225310da4e2eaa9f626d0ec352d2
86,0f53911a-1ac8-11ea-adad-b827ebbb6c40,Feed-Generator,3,0.3102378845214844,0.14739155769348145,0.16284632682800293,128,4a3175f1772449c5822d1d63579cdb82
87,0f7f331a-1ac8-11ea-adad-b827ebbb6c40,Getter_list,2,0.05913686752319336,0.024675607681274414,0.034461259841918945,128,09ea225310da4e2eaa9f626d0ec352d2
88,0f7f331a-1ac8-11ea-adad-b827ebbb6c40,Getter_Random3-Test.png,2,0.039359092712402344,0.000011444091796875,0.03934764862060547,128,09ea225310da4e2eaa9f626d0ec352d2
89,0f7f331a-1ac8-11ea-adad-b827ebbb6c40,Feed-Generator,3,0.2839193344116211,0.09881401062011719,0.1851053237915039,128,4a3175f1772449c5822d1d63579cdb82
90,0fa6e518-1ac8-11ea-adad-b827ebbb6c40,Getter_list,2,0.06358528137207031,0.03970503807067871,0.0238802433013916,128,09ea225310da4e2eaa9f626d0ec352d2
91,0fa6e518-1ac8-11ea-adad-b827ebbb6c40,Getter_Random3-Test.png,2,0.03954625129699707,0.000010967254638671875,0.0395352840423584,128,09ea225310da4e2eaa9f626d0ec352d2
92,0fa6e518-1ac8-11ea-adad-b827ebbb6c40,Feed-Generator,3,0.25814008712768555,0.10340762138366699,0.15473246574401855,128,4a3175f1772449c5822d1d63579cdb82
93,0fcb8440-1ac8-11ea-adad-b827ebbb6c40,Getter_list,2,0.04205727577209473,0.026117324829101562,0.015939950942993164,128,09ea225310da4e2eaa9f626d0ec352d2
94,0fcb8440-1ac8-11ea-adad-b827ebbb6c40,Getter_Random3-Test.png,2,0.03947043418884277,0.0000095367431640625,0.03946089744567871,128,09ea225310da4e2eaa9f626d0ec352d2
95,0fcb8440-1ac8-11ea-adad-b827ebbb6c40,Feed-Generator,3,0.23795413970947266,0.0818939208984375,0.15606021881103516,128,4a3175f1772449c5822d1d63579cdb82
96,86d07db4-1acf-11ea-b282-b827ebbb6c40,Getter_list,2,1.0375769138336182,0.2498478889465332,0.787729024887085,128,620e39112b344704a9b12308bfdcb44d
97,86d07db4-1acf-11ea-b282-b827ebbb6c40,Getter_Random3-Test.png,2,0.0418238639831543,0.000028371810913085938,0.04179549217224121,128,620e39112b344704a9b12308bfdcb44d
98,86d07db4-1acf-11ea-b282-b827ebbb6c40,Feed-Generator,3,1.8053131103515625,1.0797102451324463,0.7256028652191162,128,5254efdf8cb44aa39d6b299f171439b2
99,7c9b6c1c-1ad1-11ea-b282-b827ebbb6c40,Getter_list,2,1.0066180229187012,0.2582547664642334,0.7483632564544678,128,1e48fda05774499ea2aacf697bbaacfa
100,7c9b6c1c-1ad1-11ea-b282-b827ebbb6c40,Getter_Random3-Test.png,2,0.0377507209777832,0.00003218650817871094,0.03771853446960449,128,1e48fda05774499ea2aacf697bbaacfa
101,7c9b6c1c-1ad1-11ea-b282-b827ebbb6c40,Feed-Generator,3,1.7630517482757568,1.044687032699585,0.7183647155761719,128,2540700e26954e5190d6923f6918e1b9
102,7d4cb5c6-1ad1-11ea-b282-b827ebbb6c40,Getter_list,2,0.08255672454833984,0.031813621520996094,0.05074310302734375,128,1e48fda05774499ea2aacf697bbaacfa
103,7d4cb5c6-1ad1-11ea-b282-b827ebbb6c40,Getter_Random3-Test.png,2,0.04154348373413086,0.000010013580322265625,0.041533470153808594,128,1e48fda05774499ea2aacf697bbaacfa
104,7d4cb5c6-1ad1-11ea-b282-b827ebbb6c40,Feed-Generator,3,0.3531193733215332,0.12437582015991211,0.2287435531616211,128,2540700e26954e5190d6923f6918e1b9
105,7d4cb5c6-1ad1-11ea-b282-b827ebbb6c40,Feed-WebView,4,1.1582684516906738,0.40732431411743164,0.7509441375732422,128,c9d75704fab14ff993e439b3574574a5
106,7317c080-1ad3-11ea-b282-b827ebbb6c40,Getter_list,2,1.0394484996795654,0.26419687271118164,0.7752516269683838,128,9536c1924bed4b64b9fd9b7fc013d156
107,7317c080-1ad3-11ea-b282-b827ebbb6c40,Getter_Random3-Test.png,2,0.03154277801513672,0.00003647804260253906,0.03150629997253418,128,9536c1924bed4b64b9fd9b7fc013d156
108,7317c080-1ad3-11ea-b282-b827ebbb6c40,Feed-Generator,3,1.7653851509094238,1.0713188648223877,0.6940662860870361,128,f7c1a33cdf51487caa35f8c7ef24a58a
109,68d1b3fe-1ad5-11ea-b282-b827ebbb6c40,Getter_list,2,1.009831428527832,0.2283918857574463,0.7814395427703857,128,e53412b8230341cd82493b77fa0e7d21
110,68d1b3fe-1ad5-11ea-b282-b827ebbb6c40,Getter_Random3-Test.png,2,0.02388143539428711,0.0000095367431640625,0.023871898651123047,128,e53412b8230341cd82493b77fa0e7d21
111,68d1b3fe-1ad5-11ea-b282-b827ebbb6c40,Feed-Generator,3,1.7428581714630127,1.0340356826782227,0.70882248878479,128,87577e413e3f48f8b3a4d301daa4a13d
112,6985b4e4-1ad5-11ea-b282-b827ebbb6c40,Getter_list,2,0.05330514907836914,0.024117231369018555,0.029187917709350586,128,e53412b8230341cd82493b77fa0e7d21
113,6985b4e4-1ad5-11ea-b282-b827ebbb6c40,Getter_Random3-Test.png,2,0.041101932525634766,0.000010251998901367188,0.0410916805267334,128,e53412b8230341cd82493b77fa0e7d21
114,6985b4e4-1ad5-11ea-b282-b827ebbb6c40,Feed-Generator,3,0.35289692878723145,0.09467959403991699,0.25821733474731445,128,87577e413e3f48f8b3a4d301daa4a13d
115,6985b4e4-1ad5-11ea-b282-b827ebbb6c40,Feed-WebView,4,1.1760601997375488,0.4070463180541992,0.7690138816833496,128,a977b27a0fca4aedbe39e7602802f2f7
116,5f481128-1ad7-11ea-b282-b827ebbb6c40,Getter_list,2,0.9984633922576904,0.28048014640808105,0.7179832458496094,128,d055908d053b4135bb51d0e9d4af10b9
117,5f481128-1ad7-11ea-b282-b827ebbb6c40,Getter_Random3-Test.png,2,0.037941694259643555,0.0000171661376953125,0.03792452812194824,128,d055908d053b4135bb51d0e9d4af10b9
118,5f481128-1ad7-11ea-b282-b827ebbb6c40,Feed-Generator,3,1.7336606979370117,1.0368003845214844,0.6968603134155273,128,b29d542b9b47441791f860f842e5066f
119,5504126e-1ad9-11ea-b282-b827ebbb6c40,Getter_list,2,0.9928209781646729,0.23128151893615723,0.7615394592285156,128,2705a338fb354c8087057bc541c7233d
120,5504126e-1ad9-11ea-b282-b827ebbb6c40,Getter_Random3-Test.png,2,0.04114031791687012,0.000011444091796875,0.04112887382507324,128,2705a338fb354c8087057bc541c7233d
121,5504126e-1ad9-11ea-b282-b827ebbb6c40,Feed-Generator,3,1.7541539669036865,1.0343151092529297,0.7198388576507568,128,f0b3c3b32a03419c95338be87ea0bf29
122,55ae94fa-1ad9-11ea-b282-b827ebbb6c40,Getter_list,2,0.04935908317565918,0.029312610626220703,0.020046472549438477,128,2705a338fb354c8087057bc541c7233d
123,55ae94fa-1ad9-11ea-b282-b827ebbb6c40,Getter_Random3-Test.png,2,0.0334165096282959,0.000010251998901367188,0.03340625762939453,128,2705a338fb354c8087057bc541c7233d
124,55ae94fa-1ad9-11ea-b282-b827ebbb6c40,Feed-Generator,3,0.33771514892578125,0.08305096626281738,0.25466418266296387,128,f0b3c3b32a03419c95338be87ea0bf29
125,55ae94fa-1ad9-11ea-b282-b827ebbb6c40,Feed-WebView,4,1.113776445388794,0.40415525436401367,0.7096211910247803,128,dc5622235bbd44779becc0d07b0073a2
126,4b76a44e-1adb-11ea-b282-b827ebbb6c40,Getter_list,2,1.0152873992919922,0.23443818092346191,0.7808492183685303,128,07106009c83a43e8b3bc279bf6b65b67
127,4b76a44e-1adb-11ea-b282-b827ebbb6c40,Getter_Random3-Test.png,2,0.04809284210205078,0.000021457672119140625,0.04807138442993164,128,07106009c83a43e8b3bc279bf6b65b67
128,4b76a44e-1adb-11ea-b282-b827ebbb6c40,Feed-Generator,3,1.7455635070800781,1.0637624263763428,0.6818010807037354,128,53224b05d0eb403c86c221a9a1323ffc
129,412dea2c-1add-11ea-b282-b827ebbb6c40,Getter_list,2,0.99601149559021,0.27245664596557617,0.7235548496246338,128,ba85f7bdb18f42d79ae06cdaa2150363
130,412dea2c-1add-11ea-b282-b827ebbb6c40,Getter_Random3-Test.png,2,0.024298667907714844,0.000015735626220703125,0.02428293228149414,128,ba85f7bdb18f42d79ae06cdaa2150363
131,412dea2c-1add-11ea-b282-b827ebbb6c40,Feed-Generator,3,1.7159528732299805,1.0206141471862793,0.6953387260437012,128,591a3c445ac74e7891135beacf164b23
132,41df5c4e-1add-11ea-b282-b827ebbb6c40,Getter_list,2,0.046662092208862305,0.0291287899017334,0.017533302307128906,128,ba85f7bdb18f42d79ae06cdaa2150363
133,41df5c4e-1add-11ea-b282-b827ebbb6c40,Getter_Random3-Test.png,2,0.0378875732421875,0.000010728836059570312,0.03787684440612793,128,ba85f7bdb18f42d79ae06cdaa2150363
134,41df5c4e-1add-11ea-b282-b827ebbb6c40,Feed-Generator,3,0.3447990417480469,0.08482742309570312,0.25997161865234375,128,591a3c445ac74e7891135beacf164b23
135,41df5c4e-1add-11ea-b282-b827ebbb6c40,Feed-WebView,4,1.1608216762542725,0.42357516288757324,0.7372465133666992,128,0eaa366e6257437e9908700e3f79920c
136,37956a06-1adf-11ea-b282-b827ebbb6c40,Getter_list,2,0.9992496967315674,0.24210762977600098,0.7571420669555664,128,b34148113de24901a530183156902497
137,37956a06-1adf-11ea-b282-b827ebbb6c40,Getter_Random3-Test.png,2,0.036411285400390625,0.000029802322387695312,0.03638148307800293,128,b34148113de24901a530183156902497
138,37956a06-1adf-11ea-b282-b827ebbb6c40,Feed-Generator,3,1.715409517288208,1.035964012145996,0.6794455051422119,128,5641d9ee30cd470fab459a704d4e575c
139,2d5d69f6-1ae1-11ea-b282-b827ebbb6c40,Getter_list,2,0.991572380065918,0.2190713882446289,0.7725009918212891,128,2530c892f20541c5b13700aefdd36e6a
140,2d5d69f6-1ae1-11ea-b282-b827ebbb6c40,Getter_Random3-Test.png,2,0.029037952423095703,0.000018596649169921875,0.02901935577392578,128,2530c892f20541c5b13700aefdd36e6a
141,2d5d69f6-1ae1-11ea-b282-b827ebbb6c40,Feed-Generator,3,1.7467005252838135,1.0209174156188965,0.725783109664917,128,24c19b2bd61348d3bd20a05e77b3e54a
142,2e2d094a-1ae1-11ea-b282-b827ebbb6c40,Getter_list,2,0.03950357437133789,0.02306199073791504,0.01644158363342285,128,2530c892f20541c5b13700aefdd36e6a
143,2e2d094a-1ae1-11ea-b282-b827ebbb6c40,Getter_Random3-Test.png,2,0.037589073181152344,0.000011205673217773438,0.03757786750793457,128,2530c892f20541c5b13700aefdd36e6a
144,2e2d094a-1ae1-11ea-b282-b827ebbb6c40,Feed-Generator,3,0.35202527046203613,0.07739496231079102,0.2746303081512451,128,24c19b2bd61348d3bd20a05e77b3e54a
145,2e2d094a-1ae1-11ea-b282-b827ebbb6c40,Feed-WebView,4,1.3570127487182617,0.4279317855834961,0.9290809631347656,128,4915f6266f6d43dcbff94d751de5a144
146,875dee02-1b32-11ea-811c-b827ebbb6c40,Getter_list,2,1.059450626373291,0.2869997024536133,0.7724509239196777,128,595c5e76ffe245caaff31cc66539632b
147,875dee02-1b32-11ea-811c-b827ebbb6c40,Getter_Random3-Test.png,2,0.03221487998962402,0.00001049041748046875,0.032204389572143555,128,595c5e76ffe245caaff31cc66539632b
148,875dee02-1b32-11ea-811c-b827ebbb6c40,Feed-Generator,3,1.794771432876587,1.0919792652130127,0.7027921676635742,128,c177f678feb14a1fa7c9c954c5ef9aa5
149,7d335f1e-1b34-11ea-811c-b827ebbb6c40,Getter_list,2,1.1417346000671387,0.3700711727142334,0.7716634273529053,128,621c3a54423943c7b5ce6213e8cab7d8
150,7d335f1e-1b34-11ea-811c-b827ebbb6c40,Getter_Random3-Test.png,2,0.03141474723815918,0.000020742416381835938,0.031394004821777344,128,621c3a54423943c7b5ce6213e8cab7d8
151,7d335f1e-1b34-11ea-811c-b827ebbb6c40,Feed-Generator,3,1.8601596355438232,1.173478364944458,0.6866812705993652,128,f3aae43cfb194466925c5a02d43b825f
152,7de18f6c-1b34-11ea-811c-b827ebbb6c40,Getter_list,2,0.03660845756530762,0.017701148986816406,0.01890730857849121,128,621c3a54423943c7b5ce6213e8cab7d8
153,7de18f6c-1b34-11ea-811c-b827ebbb6c40,Getter_Random3-Test.png,2,0.031767845153808594,0.000011920928955078125,0.031755924224853516,128,621c3a54423943c7b5ce6213e8cab7d8
154,7de18f6c-1b34-11ea-811c-b827ebbb6c40,Feed-Generator,3,0.33789777755737305,0.06865215301513672,0.26924562454223633,128,f3aae43cfb194466925c5a02d43b825f
155,7de18f6c-1b34-11ea-811c-b827ebbb6c40,Feed-WebView,4,1.1379551887512207,0.41621994972229004,0.7217352390289307,128,5387d96f258a481da5803606c88d56ea
156,73a8af92-1b36-11ea-811c-b827ebbb6c40,Getter_list,2,1.017662763595581,0.26479005813598633,0.7528727054595947,128,544c3250452b4f9a9341c2474b58b3bd
157,73a8af92-1b36-11ea-811c-b827ebbb6c40,Getter_Random3-Test.png,2,0.020776033401489258,0.000019788742065429688,0.020756244659423828,128,544c3250452b4f9a9341c2474b58b3bd
158,73a8af92-1b36-11ea-811c-b827ebbb6c40,Feed-Generator,3,1.7729771137237549,1.042940378189087,0.730036735534668,128,cc989a3137664a34939fed56326b2030
159,69636174-1b38-11ea-811c-b827ebbb6c40,Getter_list,2,0.9407796859741211,0.22630858421325684,0.7144711017608643,128,f197c7a4c76a41d297ab12da4cadd22a
160,69636174-1b38-11ea-811c-b827ebbb6c40,Getter_Random3-Test.png,2,0.03637528419494629,0.000019311904907226562,0.03635597229003906,128,f197c7a4c76a41d297ab12da4cadd22a
161,69636174-1b38-11ea-811c-b827ebbb6c40,Feed-Generator,3,1.6595470905303955,0.9774625301361084,0.6820845603942871,128,f5e04ccdec6f461d9c3bfc420ac8cec3
162,6a196c44-1b38-11ea-811c-b827ebbb6c40,Getter_list,2,0.06332135200500488,0.046721696853637695,0.016599655151367188,128,f197c7a4c76a41d297ab12da4cadd22a
163,6a196c44-1b38-11ea-811c-b827ebbb6c40,Getter_Random3-Test.png,2,0.036824703216552734,0.000011920928955078125,0.036812782287597656,128,f197c7a4c76a41d297ab12da4cadd22a
164,6a196c44-1b38-11ea-811c-b827ebbb6c40,Feed-Generator,3,0.3651120662689209,0.10044240951538086,0.26466965675354004,128,f5e04ccdec6f461d9c3bfc420ac8cec3
165,6a196c44-1b38-11ea-811c-b827ebbb6c40,Feed-WebView,4,1.1892309188842773,0.39932727813720703,0.7899036407470703,128,3cf6d765a86c4e7a92283bc7f586b0ca
166,5fd5b79a-1b3a-11ea-811c-b827ebbb6c40,Getter_list,2,0.9917559623718262,0.23508548736572266,0.7566704750061035,128,ea4e2fbe932649028c8ca59c727786f8
167,5fd5b79a-1b3a-11ea-811c-b827ebbb6c40,Getter_Random3-Test.png,2,0.039041757583618164,0.00003910064697265625,0.03900265693664551,128,ea4e2fbe932649028c8ca59c727786f8
168,5fd5b79a-1b3a-11ea-811c-b827ebbb6c40,Feed-Generator,3,1.707991361618042,1.0310986042022705,0.6768927574157715,128,2cbebf3242894731b4a41b41934e57c8
169,55a1b722-1b3c-11ea-811c-b827ebbb6c40,Getter_list,2,1.0068883895874023,0.25041794776916504,0.7564704418182373,128,51f08e499ff04b49bcc10af2154bbab9
170,55a1b722-1b3c-11ea-811c-b827ebbb6c40,Getter_Random3-Test.png,2,0.05283474922180176,0.000020265579223632812,0.052814483642578125,128,51f08e499ff04b49bcc10af2154bbab9
171,55a1b722-1b3c-11ea-811c-b827ebbb6c40,Feed-Generator,3,1.771700143814087,1.0601794719696045,0.7115206718444824,128,7aacf32c4d754f4b839c09043b669833
172,56531436-1b3c-11ea-811c-b827ebbb6c40,Getter_list,2,0.03873133659362793,0.022011518478393555,0.016719818115234375,128,51f08e499ff04b49bcc10af2154bbab9
173,56531436-1b3c-11ea-811c-b827ebbb6c40,Getter_Random3-Test.png,2,0.053939104080200195,0.000010967254638671875,0.05392813682556152,128,51f08e499ff04b49bcc10af2154bbab9
174,56531436-1b3c-11ea-811c-b827ebbb6c40,Feed-Generator,3,0.35590529441833496,0.09296441078186035,0.2629408836364746,128,7aacf32c4d754f4b839c09043b669833
175,56531436-1b3c-11ea-811c-b827ebbb6c40,Feed-WebView,4,1.1587014198303223,0.39400362968444824,0.764697790145874,128,0a3b3df643604c7384813867c3103c7c
176,4c120426-1b3e-11ea-811c-b827ebbb6c40,Getter_list,2,0.9903404712677002,0.27646398544311523,0.713876485824585,128,b815958d72f14f6d9cd5b3cfa0a534e7
177,4c120426-1b3e-11ea-811c-b827ebbb6c40,Getter_Random3-Test.png,2,0.04960894584655762,0.000017881393432617188,0.049591064453125,128,b815958d72f14f6d9cd5b3cfa0a534e7
178,4c120426-1b3e-11ea-811c-b827ebbb6c40,Feed-Generator,3,1.7058026790618896,1.044417142868042,0.6613855361938477,128,a93aeb0f461c42b08103bbdba780f1d4
179,41d87a7e-1b40-11ea-811c-b827ebbb6c40,Getter_list,2,0.9973890781402588,0.2528722286224365,0.7445168495178223,128,61a38dcbe5e6446494b961edabe7d1d2
180,41d87a7e-1b40-11ea-811c-b827ebbb6c40,Getter_Random3-Test.png,2,0.04106903076171875,0.00003075599670410156,0.04103827476501465,128,61a38dcbe5e6446494b961edabe7d1d2
181,41d87a7e-1b40-11ea-811c-b827ebbb6c40,Feed-Generator,3,1.7354016304016113,1.0387725830078125,0.6966290473937988,128,6c0fb912f8d045b9bfe62d4879d3e080
182,4289fae2-1b40-11ea-811c-b827ebbb6c40,Getter_list,2,0.0635533332824707,0.029172420501708984,0.03438091278076172,128,61a38dcbe5e6446494b961edabe7d1d2
183,4289fae2-1b40-11ea-811c-b827ebbb6c40,Getter_Random3-Test.png,2,0.03730154037475586,0.00001049041748046875,0.03729104995727539,128,61a38dcbe5e6446494b961edabe7d1d2
184,4289fae2-1b40-11ea-811c-b827ebbb6c40,Feed-Generator,3,0.378368616104126,0.10113000869750977,0.2772386074066162,128,6c0fb912f8d045b9bfe62d4879d3e080
185,4289fae2-1b40-11ea-811c-b827ebbb6c40,Feed-WebView,4,1.1607203483581543,0.4526219367980957,0.7080984115600586,128,e5341d720b384237923b3074c93c21ce
186,3855ae02-1b42-11ea-811c-b827ebbb6c40,Getter_list,2,1.0248863697052002,0.2664639949798584,0.7584223747253418,128,9e701ae6e9f047be8c9080a0833aa176
187,3855ae02-1b42-11ea-811c-b827ebbb6c40,Getter_Random3-Test.png,2,0.04775667190551758,0.000035762786865234375,0.047720909118652344,128,9e701ae6e9f047be8c9080a0833aa176
188,3855ae02-1b42-11ea-811c-b827ebbb6c40,Feed-Generator,3,1.7694106101989746,1.0729820728302002,0.6964285373687744,128,88f23031e0994a29ae55b28b1f1d291d
189,2e209de6-1b44-11ea-811c-b827ebbb6c40,Getter_list,2,1.0178930759429932,0.23770451545715332,0.7801885604858398,128,dfc924765785447ea75ea3683069807c
190,2e209de6-1b44-11ea-811c-b827ebbb6c40,Getter_Random3-Test.png,2,0.041002511978149414,0.000021219253540039062,0.040981292724609375,128,dfc924765785447ea75ea3683069807c
191,2e209de6-1b44-11ea-811c-b827ebbb6c40,Feed-Generator,3,1.7658042907714844,1.059255599975586,0.7065486907958984,128,11e225f692e74173871d315082ae83ab
192,2ece7ce0-1b44-11ea-811c-b827ebbb6c40,Getter_list,2,0.060097455978393555,0.03535008430480957,0.024747371673583984,128,dfc924765785447ea75ea3683069807c
193,2ece7ce0-1b44-11ea-811c-b827ebbb6c40,Getter_Random3-Test.png,2,0.04408597946166992,0.000010967254638671875,0.04407501220703125,128,dfc924765785447ea75ea3683069807c
194,2ece7ce0-1b44-11ea-811c-b827ebbb6c40,Feed-Generator,3,0.37220096588134766,0.10448431968688965,0.267716646194458,128,11e225f692e74173871d315082ae83ab
195,2ece7ce0-1b44-11ea-811c-b827ebbb6c40,Feed-WebView,4,1.1373677253723145,0.43471789360046387,0.7026498317718506,128,67fa61313f5a4f868a99c0096f0b55dc
196,8cf68010-1ba3-11ea-bf84-b827ebbb6c40,Getter_list,2,0.2904071807861328,0.2228541374206543,0.06755304336547852,128,3a5e3e25b3e04bab81557f57847d07e8
197,8cf68010-1ba3-11ea-bf84-b827ebbb6c40,Getter_Random3-Test.png,2,0.030783891677856445,0.000010251998901367188,0.030773639678955078,128,3a5e3e25b3e04bab81557f57847d07e8
198,8cf68010-1ba3-11ea-bf84-b827ebbb6c40,Feed-Generator,3,0.4879755973815918,0.3214850425720215,0.1664905548095703,128,6496aa28f16940dca051f688a77344d6
199,82b2065e-1ba5-11ea-bf84-b827ebbb6c40,Getter_list,2,0.9774436950683594,0.2575216293334961,0.7199220657348633,128,170f51c178ee4cb49e44bc1179d128cc
200,82b2065e-1ba5-11ea-bf84-b827ebbb6c40,Getter_Random3-Test.png,2,0.03944683074951172,0.000016927719116210938,0.03942990303039551,128,170f51c178ee4cb49e44bc1179d128cc
201,82b2065e-1ba5-11ea-bf84-b827ebbb6c40,Feed-Generator,3,1.729278564453125,1.0171940326690674,0.7120845317840576,128,202a545a53bc49f8bc4df2625792f73e
202,8379e3f4-1ba5-11ea-bf84-b827ebbb6c40,Getter_list,2,0.06419634819030762,0.04653358459472656,0.017662763595581055,128,170f51c178ee4cb49e44bc1179d128cc
203,8379e3f4-1ba5-11ea-bf84-b827ebbb6c40,Getter_Random3-Test.png,2,0.01985478401184082,0.000010728836059570312,0.01984405517578125,128,170f51c178ee4cb49e44bc1179d128cc
204,8379e3f4-1ba5-11ea-bf84-b827ebbb6c40,Feed-Generator,3,0.3408651351928711,0.08430910110473633,0.25655603408813477,128,202a545a53bc49f8bc4df2625792f73e
205,8379e3f4-1ba5-11ea-bf84-b827ebbb6c40,Feed-WebView,4,1.3062567710876465,0.40682506561279297,0.8994317054748535,128,139747cfee1c41bab832a9882dfee05a
206,792c453e-1ba7-11ea-bf84-b827ebbb6c40,Getter_list,2,0.9008793830871582,0.2139449119567871,0.6869344711303711,128,57f796e3ccff4992af5dbb58b5808d9a
207,792c453e-1ba7-11ea-bf84-b827ebbb6c40,Getter_Random3-Test.png,2,0.04023575782775879,0.00000858306884765625,0.04022717475891113,128,57f796e3ccff4992af5dbb58b5808d9a
208,792c453e-1ba7-11ea-bf84-b827ebbb6c40,Feed-Generator,3,1.603769302368164,0.9413883686065674,0.6623809337615967,128,ea0b0fc8e9b344a18a87b6acc0d27e18
209,6ef9537a-1ba9-11ea-bf84-b827ebbb6c40,Getter_list,2,1.019958734512329,0.2612898349761963,0.7586688995361328,128,5173bde7f35044589a11148dbc6c8e7c
210,6ef9537a-1ba9-11ea-bf84-b827ebbb6c40,Getter_Random3-Test.png,2,0.03705763816833496,0.00003123283386230469,0.037026405334472656,128,5173bde7f35044589a11148dbc6c8e7c
211,6ef9537a-1ba9-11ea-bf84-b827ebbb6c40,Feed-Generator,3,1.779867172241211,1.0573220252990723,0.7225451469421387,128,2490bb98f0a04c5aa518647c959efd43
212,6fc8a558-1ba9-11ea-bf84-b827ebbb6c40,Getter_list,2,0.0426180362701416,0.025942564010620117,0.016675472259521484,128,5173bde7f35044589a11148dbc6c8e7c
213,6fc8a558-1ba9-11ea-bf84-b827ebbb6c40,Getter_Random3-Test.png,2,0.036858558654785156,0.0000095367431640625,0.036849021911621094,128,5173bde7f35044589a11148dbc6c8e7c
214,6fc8a558-1ba9-11ea-bf84-b827ebbb6c40,Feed-Generator,3,0.33127307891845703,0.07976675033569336,0.25150632858276367,128,2490bb98f0a04c5aa518647c959efd43
215,6fc8a558-1ba9-11ea-bf84-b827ebbb6c40,Feed-WebView,4,1.355062484741211,0.40575265884399414,0.9493098258972168,128,96d2fe8b69674286b9cfabc3ff1e7ad1
216,658bb538-1bab-11ea-bf84-b827ebbb6c40,Getter_list,2,0.9738223552703857,0.23352813720703125,0.7402942180633545,128,582e1d2a419649e795a7e78f4bc5f02a
217,658bb538-1bab-11ea-bf84-b827ebbb6c40,Getter_Random3-Test.png,2,0.037972450256347656,0.000031948089599609375,0.03794050216674805,128,582e1d2a419649e795a7e78f4bc5f02a
218,658bb538-1bab-11ea-bf84-b827ebbb6c40,Feed-Generator,3,1.712846279144287,1.012117862701416,0.7007284164428711,128,ca02692e225e443c9ebcf750bb984cbc
219,5b45ea56-1bad-11ea-bf84-b827ebbb6c40,Getter_list,2,0.9295303821563721,0.22391867637634277,0.7056117057800293,128,5cf23be98baf4840b08008b57dda58d9
220,5b45ea56-1bad-11ea-bf84-b827ebbb6c40,Getter_Random3-Test.png,2,0.04430246353149414,0.00002002716064453125,0.04428243637084961,128,5cf23be98baf4840b08008b57dda58d9
221,5b45ea56-1bad-11ea-bf84-b827ebbb6c40,Feed-Generator,3,1.6551463603973389,0.9741544723510742,0.6809918880462646,128,4918b3e717af46a18ff05c3c768faeb5
222,5bf41fcc-1bad-11ea-bf84-b827ebbb6c40,Getter_list,2,0.05451059341430664,0.03814959526062012,0.016360998153686523,128,5cf23be98baf4840b08008b57dda58d9
223,5bf41fcc-1bad-11ea-bf84-b827ebbb6c40,Getter_Random3-Test.png,2,0.03868508338928223,0.000010967254638671875,0.038674116134643555,128,5cf23be98baf4840b08008b57dda58d9
224,5bf41fcc-1bad-11ea-bf84-b827ebbb6c40,Feed-Generator,3,0.3330960273742676,0.09346938133239746,0.23962664604187012,128,4918b3e717af46a18ff05c3c768faeb5
225,5bf41fcc-1bad-11ea-bf84-b827ebbb6c40,Feed-WebView,4,1.1381042003631592,0.37091588973999023,0.767188310623169,128,6bc3c2997d364932bbb650aa98f474d8
226,51b2c796-1baf-11ea-bf84-b827ebbb6c40,Getter_list,2,0.9554464817047119,0.22426700592041016,0.7311794757843018,128,64b24ed4d97e47a99b26281a2f6aa38b
227,51b2c796-1baf-11ea-bf84-b827ebbb6c40,Getter_Random3-Test.png,2,0.03525590896606445,0.000014543533325195312,0.03524136543273926,128,64b24ed4d97e47a99b26281a2f6aa38b
228,51b2c796-1baf-11ea-bf84-b827ebbb6c40,Feed-Generator,3,1.6842331886291504,0.991008996963501,0.6932241916656494,128,1babe10b49e04e35b1f1f38ccdd19b72
229,477a1ca0-1bb1-11ea-bf84-b827ebbb6c40,Getter_list,2,1.0085070133209229,0.2763223648071289,0.732184648513794,128,060017694f954b4598a0b5feafda1e96
230,477a1ca0-1bb1-11ea-bf84-b827ebbb6c40,Getter_Random3-Test.png,2,0.020916223526000977,0.0000171661376953125,0.020899057388305664,128,060017694f954b4598a0b5feafda1e96
231,477a1ca0-1bb1-11ea-bf84-b827ebbb6c40,Feed-Generator,3,1.744840383529663,1.041761875152588,0.7030785083770752,128,853ea851f7bf47e89d3efd9949e60236
232,4828e384-1bb1-11ea-bf84-b827ebbb6c40,Getter_list,2,0.053014516830444336,0.03233957290649414,0.020674943923950195,128,060017694f954b4598a0b5feafda1e96
233,4828e384-1bb1-11ea-bf84-b827ebbb6c40,Getter_Random3-Test.png,2,0.03246569633483887,0.00001049041748046875,0.0324552059173584,128,060017694f954b4598a0b5feafda1e96
234,4828e384-1bb1-11ea-bf84-b827ebbb6c40,Feed-Generator,3,0.32829856872558594,0.0857698917388916,0.24252867698669434,128,853ea851f7bf47e89d3efd9949e60236
235,4828e384-1bb1-11ea-bf84-b827ebbb6c40,Feed-WebView,4,1.1426892280578613,0.37009501457214355,0.7725942134857178,128,e39b64996225410686c98b8b13c13fa3
236,3de4c2ba-1bb3-11ea-bf84-b827ebbb6c40,Getter_list,2,0.9775798320770264,0.24880743026733398,0.7287724018096924,128,6b26219a990941658128c0bbac3162d2
237,3de4c2ba-1bb3-11ea-bf84-b827ebbb6c40,Getter_Random3-Test.png,2,0.04447484016418457,0.000015974044799804688,0.044458866119384766,128,6b26219a990941658128c0bbac3162d2
238,3de4c2ba-1bb3-11ea-bf84-b827ebbb6c40,Feed-Generator,3,1.7049825191497803,1.0223808288574219,0.6826016902923584,128,21db85474382414395fb6f108c850227
239,33a7a96e-1bb5-11ea-bf84-b827ebbb6c40,Getter_list,2,1.0214297771453857,0.267627477645874,0.7538022994995117,128,6c7873468a0440d59d4068d08d99e44f
240,33a7a96e-1bb5-11ea-bf84-b827ebbb6c40,Getter_Random3-Test.png,2,0.035904884338378906,0.000017881393432617188,0.03588700294494629,128,6c7873468a0440d59d4068d08d99e44f
241,33a7a96e-1bb5-11ea-bf84-b827ebbb6c40,Feed-Generator,3,1.774282693862915,1.0576860904693604,0.7165966033935547,128,9ae122d10ccc4eb793621f5cd2fd7272
242,3461a1de-1bb5-11ea-bf84-b827ebbb6c40,Getter_list,2,0.040361881256103516,0.023073434829711914,0.0172884464263916,128,6c7873468a0440d59d4068d08d99e44f
243,3461a1de-1bb5-11ea-bf84-b827ebbb6c40,Getter_Random3-Test.png,2,0.04811215400695801,0.000010251998901367188,0.04810190200805664,128,6c7873468a0440d59d4068d08d99e44f
244,3461a1de-1bb5-11ea-bf84-b827ebbb6c40,Feed-Generator,3,0.35800695419311523,0.08885407447814941,0.2691528797149658,128,9ae122d10ccc4eb793621f5cd2fd7272
245,3461a1de-1bb5-11ea-bf84-b827ebbb6c40,Feed-WebView,4,1.2166728973388672,0.39976978302001953,0.8169031143188477,128,0f4c3f42705b4d2f8a536c14717b1bc9
246,6eae8432-1bf7-11ea-9f0a-b827ebbb6c40,Getter_list,2,1.0130131244659424,0.24553275108337402,0.7674803733825684,128,f2c215599e0243aea37b4104c1990689
247,6eae8432-1bf7-11ea-9f0a-b827ebbb6c40,Getter_Random3-Test.png,2,0.02922224998474121,0.000019311904907226562,0.029202938079833984,128,f2c215599e0243aea37b4104c1990689
248,6eae8432-1bf7-11ea-9f0a-b827ebbb6c40,Feed-Generator,3,1.755967378616333,1.0425565242767334,0.7134108543395996,128,b05f41a9c375494e974efc99bc138b5d
249,647948ba-1bf9-11ea-9f0a-b827ebbb6c40,Getter_list,2,1.0051240921020508,0.24285411834716797,0.7622699737548828,128,97c7415c47fd4353802829e0a4aa8f68
250,647948ba-1bf9-11ea-9f0a-b827ebbb6c40,Getter_Random3-Test.png,2,0.03924989700317383,0.000012159347534179688,0.03923773765563965,128,97c7415c47fd4353802829e0a4aa8f68
251,647948ba-1bf9-11ea-9f0a-b827ebbb6c40,Feed-Generator,3,1.7631924152374268,1.044698715209961,0.7184937000274658,128,2c05b2b8453a4b99bd928aed618de69a
252,653a6e5a-1bf9-11ea-9f0a-b827ebbb6c40,Getter_list,2,0.05374908447265625,0.0363621711730957,0.017386913299560547,128,97c7415c47fd4353802829e0a4aa8f68
253,653a6e5a-1bf9-11ea-9f0a-b827ebbb6c40,Getter_Random3-Test.png,2,0.03733992576599121,0.00001049041748046875,0.03732943534851074,128,97c7415c47fd4353802829e0a4aa8f68
254,653a6e5a-1bf9-11ea-9f0a-b827ebbb6c40,Feed-Generator,3,0.35284852981567383,0.09148669242858887,0.26136183738708496,128,2c05b2b8453a4b99bd928aed618de69a
255,653a6e5a-1bf9-11ea-9f0a-b827ebbb6c40,Feed-WebView,4,1.2620015144348145,0.44744253158569336,0.8145589828491211,128,276938d288bc4b04b9ee6f2482eec4db
256,5b035846-1bfb-11ea-9f0a-b827ebbb6c40,Getter_list,2,1.0342659950256348,0.24480724334716797,0.7894587516784668,128,8271040a7fc749c4b38435b76d179ba1
257,5b035846-1bfb-11ea-9f0a-b827ebbb6c40,Getter_Random3-Test.png,2,0.05205130577087402,0.000011205673217773438,0.05204010009765625,128,8271040a7fc749c4b38435b76d179ba1
258,5b035846-1bfb-11ea-9f0a-b827ebbb6c40,Feed-Generator,3,1.7747399806976318,1.0867137908935547,0.6880261898040771,128,e6dbcdca731e4aeea9b8cdf8936d0e3e
259,50c2fccc-1bfd-11ea-9f0a-b827ebbb6c40,Getter_list,2,1.0248496532440186,0.25395727157592773,0.7708923816680908,128,50d8ab2c254c4c41b1d04658fd8414bc
260,50c2fccc-1bfd-11ea-9f0a-b827ebbb6c40,Getter_Random3-Test.png,2,0.044600725173950195,0.000022172927856445312,0.04457855224609375,128,50d8ab2c254c4c41b1d04658fd8414bc
261,50c2fccc-1bfd-11ea-9f0a-b827ebbb6c40,Feed-Generator,3,1.7729978561401367,1.069777488708496,0.7032203674316406,128,5b3fe63a1e174934b8ee50142b991e8e
262,516e663e-1bfd-11ea-9f0a-b827ebbb6c40,Getter_list,2,0.05460977554321289,0.03800821304321289,0.0166015625,128,50d8ab2c254c4c41b1d04658fd8414bc
263,516e663e-1bfd-11ea-9f0a-b827ebbb6c40,Getter_Random3-Test.png,2,0.03741025924682617,0.000010728836059570312,0.0373995304107666,128,50d8ab2c254c4c41b1d04658fd8414bc
264,516e663e-1bfd-11ea-9f0a-b827ebbb6c40,Feed-Generator,3,0.3623542785644531,0.09232902526855469,0.27002525329589844,128,5b3fe63a1e174934b8ee50142b991e8e
265,516e663e-1bfd-11ea-9f0a-b827ebbb6c40,Feed-WebView,4,1.1196513175964355,0.400327205657959,0.7193241119384766,128,d1f6d33a85f14c41806eb02bda692e03
266,47c699ce-1bff-11ea-9f0a-b827ebbb6c40,Getter_list,2,2.0120344161987305,0.26586055755615234,1.7461738586425781,128,b600ad0f0b2b4e77925a11fbf61f75a2
267,47c699ce-1bff-11ea-9f0a-b827ebbb6c40,Getter_Random3-Test.png,2,0.038187265396118164,0.000020503997802734375,0.03816676139831543,128,b600ad0f0b2b4e77925a11fbf61f75a2
268,47c699ce-1bff-11ea-9f0a-b827ebbb6c40,Feed-Generator,3,2.7488765716552734,2.0506417751312256,0.6982347965240479,128,59e8216bd83746d78387277be5f3c745
269,3d9346e4-1c01-11ea-9f0a-b827ebbb6c40,Getter_list,2,1.0562798976898193,0.3013293743133545,0.7549505233764648,128,7f8c3d460ed14e52b83ef8052eef7ea4
270,3d9346e4-1c01-11ea-9f0a-b827ebbb6c40,Getter_Random3-Test.png,2,0.04547405242919922,0.000021219253540039062,0.04545283317565918,128,7f8c3d460ed14e52b83ef8052eef7ea4
271,3d9346e4-1c01-11ea-9f0a-b827ebbb6c40,Feed-Generator,3,1.8232104778289795,1.1021509170532227,0.7210595607757568,128,09b136325da841d9bc31ed99cda2d341
272,3e37daec-1c01-11ea-9f0a-b827ebbb6c40,Getter_list,2,0.06366705894470215,0.031235218048095703,0.032431840896606445,128,7f8c3d460ed14e52b83ef8052eef7ea4
273,3e37daec-1c01-11ea-9f0a-b827ebbb6c40,Getter_Random3-Test.png,2,0.0373837947845459,0.000010013580322265625,0.03737378120422363,128,7f8c3d460ed14e52b83ef8052eef7ea4
274,3e37daec-1c01-11ea-9f0a-b827ebbb6c40,Feed-Generator,3,0.3441348075866699,0.10136938095092773,0.2427654266357422,128,09b136325da841d9bc31ed99cda2d341
275,3e37daec-1c01-11ea-9f0a-b827ebbb6c40,Feed-WebView,4,1.0763180255889893,0.3739633560180664,0.7023546695709229,128,fa8c88c76e3a416ea9c9e39d5c83f3d8
276,33f132c0-1c03-11ea-9f0a-b827ebbb6c40,Getter_list,2,0.976698637008667,0.23127269744873047,0.7454259395599365,128,cba09d6afc86466ab5eda6efc083e55b
277,33f132c0-1c03-11ea-9f0a-b827ebbb6c40,Getter_Random3-Test.png,2,0.04899334907531738,0.000042438507080078125,0.048950910568237305,128,cba09d6afc86466ab5eda6efc083e55b
278,33f132c0-1c03-11ea-9f0a-b827ebbb6c40,Feed-Generator,3,1.7342700958251953,1.026005506515503,0.7082645893096924,128,ee2ba9b8c5834520b18b39697898dbf0
279,29bd22d0-1c05-11ea-9f0a-b827ebbb6c40,Getter_list,2,1.0447120666503906,0.28363490104675293,0.7610771656036377,128,a9e739b2623747d78bc35580c5f4ec85
280,29bd22d0-1c05-11ea-9f0a-b827ebbb6c40,Getter_Random3-Test.png,2,0.027400732040405273,0.000020503997802734375,0.02738022804260254,128,a9e739b2623747d78bc35580c5f4ec85
281,29bd22d0-1c05-11ea-9f0a-b827ebbb6c40,Feed-Generator,3,1.7737255096435547,1.0725440979003906,0.7011814117431641,128,90aab53c8ff74842a10e32ad4c407e7d
282,2a6d5b50-1c05-11ea-9f0a-b827ebbb6c40,Getter_list,2,0.07694363594055176,0.05995631217956543,0.016987323760986328,128,a9e739b2623747d78bc35580c5f4ec85
283,2a6d5b50-1c05-11ea-9f0a-b827ebbb6c40,Getter_Random3-Test.png,2,0.023736953735351562,0.000011444091796875,0.023725509643554688,128,a9e739b2623747d78bc35580c5f4ec85
284,2a6d5b50-1c05-11ea-9f0a-b827ebbb6c40,Feed-Generator,3,0.3707277774810791,0.10096907615661621,0.2697587013244629,128,90aab53c8ff74842a10e32ad4c407e7d
285,2a6d5b50-1c05-11ea-9f0a-b827ebbb6c40,Feed-WebView,4,1.1511614322662354,0.4208567142486572,0.7303047180175781,128,62be73cbff034a08abf787d45f842794
286,20271d46-1c07-11ea-9f0a-b827ebbb6c40,Getter_list,2,1.0070419311523438,0.2694127559661865,0.7376291751861572,128,d95c965aa9eb439ca4028f496f191202
287,20271d46-1c07-11ea-9f0a-b827ebbb6c40,Getter_Random3-Test.png,2,0.03777480125427246,0.000016689300537109375,0.03775811195373535,128,d95c965aa9eb439ca4028f496f191202
288,20271d46-1c07-11ea-9f0a-b827ebbb6c40,Feed-Generator,3,1.7469525337219238,1.0451452732086182,0.7018072605133057,128,a2e514a1b8aa4341ba0bf294ccba1f52
289,15f3671a-1c09-11ea-9f0a-b827ebbb6c40,Getter_list,2,1.0284233093261719,0.25330400466918945,0.7751193046569824,128,30a01b7a71c74dfd9fe1319b44d58816
290,15f3671a-1c09-11ea-9f0a-b827ebbb6c40,Getter_Random3-Test.png,2,0.04869437217712402,0.000018358230590820312,0.0486760139465332,128,30a01b7a71c74dfd9fe1319b44d58816
291,15f3671a-1c09-11ea-9f0a-b827ebbb6c40,Feed-Generator,3,1.7734334468841553,1.0774481296539307,0.6959853172302246,128,078197a36b6e44d19a003bcaa527d4f1
292,16a342ac-1c09-11ea-9f0a-b827ebbb6c40,Getter_list,2,0.05085158348083496,0.03471112251281738,0.016140460968017578,128,30a01b7a71c74dfd9fe1319b44d58816
293,16a342ac-1c09-11ea-9f0a-b827ebbb6c40,Getter_Random3-Test.png,2,0.03854489326477051,0.000012636184692382812,0.038532257080078125,128,30a01b7a71c74dfd9fe1319b44d58816
294,16a342ac-1c09-11ea-9f0a-b827ebbb6c40,Feed-Generator,3,0.34073328971862793,0.08966803550720215,0.2510652542114258,128,078197a36b6e44d19a003bcaa527d4f1
295,16a342ac-1c09-11ea-9f0a-b827ebbb6c40,Feed-WebView,4,1.1503229141235352,0.4026339054107666,0.7476890087127686,128,a4300ff022c644a69e9f7d1f413d46a9
346,8b208dfc-1ccb-11ea-b608-b827ebbb6c40,Getter_red.png,2,0.8764545917510986,0.00000762939453125,0.8764469623565674,128,eb5eaa1eecd945eca3b64426f0911439
347,8b1f073e-1ccb-11ea-b608-b827ebbb6c40,Getter_red.png,2,0.855705976486206,0.000007867813110351562,0.8556981086730957,128,beeae0d22ac24e3790c72758c23a12c3
348,8b1db85c-1ccb-11ea-b608-b827ebbb6c40,Getter_red.png,2,0.8387265205383301,0.000008106231689453125,0.8387184143066406,128,4f54a5fc316a4135adc6857173bfc5fb
349,8b1801aa-1ccb-11ea-b608-b827ebbb6c40,Getter_red.png,2,0.8281729221343994,0.00000762939453125,0.8281652927398682,128,a5223eaa92984d438e2dca92b565cf7a
350,8b1aa00e-1ccb-11ea-b608-b827ebbb6c40,Getter_red.png,2,0.8283727169036865,0.0000073909759521484375,0.8283653259277344,128,ec45df88505e45a1a3be5a8b9ae3e425
351,8b1e528a-1ccb-11ea-b608-b827ebbb6c40,Getter_red.png,2,0.8521990776062012,0.00000762939453125,0.8521914482116699,128,65940ecddda748aba2f3d12e32586e70
352,8b1f3ae2-1ccb-11ea-b608-b827ebbb6c40,Getter_red.png,2,0.8350441455841064,0.00000858306884765625,0.8350355625152588,128,535ffc0194144d14b7dd3c5060d9e9da
353,8b1f3f9c-1ccb-11ea-b608-b827ebbb6c40,Getter_red.png,2,0.8461525440216064,0.000008344650268554688,0.8461441993713379,128,c7fa47aa846440faa5199cc6bb596e1b
354,8b1d28b0-1ccb-11ea-b608-b827ebbb6c40,Getter_red.png,2,0.8638021945953369,0.00000762939453125,0.8637945652008057,128,41734e2d43ce4fa49ab2312d0f0299e3
355,8b1d20d6-1ccb-11ea-b608-b827ebbb6c40,Getter_red.png,2,0.863701581954956,0.00000858306884765625,0.8636929988861084,128,eede6a5e8e9f4e8682018909004b4bde
356,801b0ba6-1ccd-11ea-b608-b827ebbb6c40,Getter_red.png,2,0.321089506149292,0.0000095367431640625,0.32107996940612793,128,535ffc0194144d14b7dd3c5060d9e9da
357,8013e768-1ccd-11ea-b608-b827ebbb6c40,Getter_red.png,2,0.2708866596221924,0.00001049041748046875,0.2708761692047119,128,65940ecddda748aba2f3d12e32586e70
358,8011fc00-1ccd-11ea-b608-b827ebbb6c40,Getter_red.png,2,0.2605133056640625,0.000010251998901367188,0.26050305366516113,128,535ffc0194144d14b7dd3c5060d9e9da
359,806b323e-1ccd-11ea-b608-b827ebbb6c40,Getter_red.png,2,0.8421711921691895,0.00000762939453125,0.8421635627746582,128,8bac3716bd854ebea515569e8f5437cb
360,80164a6c-1ccd-11ea-b608-b827ebbb6c40,Getter_red.png,2,0.2698242664337158,0.000010728836059570312,0.26981353759765625,128,65940ecddda748aba2f3d12e32586e70
361,801b8798-1ccd-11ea-b608-b827ebbb6c40,Getter_red.png,2,0.31449294090270996,0.00001049041748046875,0.3144824504852295,128,4f54a5fc316a4135adc6857173bfc5fb
362,8013e768-1ccd-11ea-b608-b827ebbb6c40,Getter_red.png,2,0.2677586078643799,0.000010251998901367188,0.2677483558654785,128,535ffc0194144d14b7dd3c5060d9e9da
363,80191da0-1ccd-11ea-b608-b827ebbb6c40,Getter_red.png,2,0.2893836498260498,0.000010013580322265625,0.28937363624572754,128,4f54a5fc316a4135adc6857173bfc5fb
364,806aad1e-1ccd-11ea-b608-b827ebbb6c40,Getter_red.png,2,0.8325855731964111,0.000008344650268554688,0.8325772285461426,128,de4fac75016b44eab4166cab326c4184
365,806644b8-1ccd-11ea-b608-b827ebbb6c40,Getter_red.png,2,0.8135983943939209,0.00000762939453125,0.8135907649993896,128,94d26545544a41049c094c493c830cf0
366,75b78cdc-1ccf-11ea-b608-b827ebbb6c40,Getter_red.png,2,0.8453021049499512,0.00000762939453125,0.8452944755554199,128,926787880641433ab4aa1b3dd5d02be1
367,75650bc4-1ccf-11ea-b608-b827ebbb6c40,Getter_red.png,2,0.3051416873931885,0.000010251998901367188,0.3051314353942871,128,8bac3716bd854ebea515569e8f5437cb
368,7564805a-1ccf-11ea-b608-b827ebbb6c40,Getter_red.png,2,0.3001136779785156,0.000010251998901367188,0.30010342597961426,128,535ffc0194144d14b7dd3c5060d9e9da
369,75b2ccd8-1ccf-11ea-b608-b827ebbb6c40,Getter_red.png,2,0.8081319332122803,0.00000858306884765625,0.8081233501434326,128,86178ffda01947d6bff95185b8db4469
370,7564c4ac-1ccf-11ea-b608-b827ebbb6c40,Getter_red.png,2,0.28218913078308105,0.000010013580322265625,0.2821791172027588,128,8bac3716bd854ebea515569e8f5437cb
371,75b6529a-1ccf-11ea-b608-b827ebbb6c40,Getter_red.png,2,0.8164966106414795,0.0000073909759521484375,0.8164892196655273,128,51fc6534c8cd4d1b88169c79ae4c159c
372,756c717a-1ccf-11ea-b608-b827ebbb6c40,Getter_red.png,2,0.31221771240234375,0.000009775161743164062,0.3122079372406006,128,8bac3716bd854ebea515569e8f5437cb
373,75630220-1ccf-11ea-b608-b827ebbb6c40,Getter_red.png,2,0.2846996784210205,0.000011444091796875,0.28468823432922363,128,535ffc0194144d14b7dd3c5060d9e9da
374,756ad284-1ccf-11ea-b608-b827ebbb6c40,Getter_red.png,2,0.30340051651000977,0.000010251998901367188,0.3033902645111084,128,535ffc0194144d14b7dd3c5060d9e9da
375,755be756-1ccf-11ea-b608-b827ebbb6c40,Getter_red.png,2,0.24432587623596191,0.000009775161743164062,0.24431610107421875,128,8bac3716bd854ebea515569e8f5437cb
376,6aa54b7a-1cd1-11ea-b608-b827ebbb6c40,Getter_red.png,2,0.3182334899902344,0.000010251998901367188,0.318223237991333,128,535ffc0194144d14b7dd3c5060d9e9da
377,6af1e8c2-1cd1-11ea-b608-b827ebbb6c40,Getter_red.png,2,0.8193738460540771,0.0000073909759521484375,0.819366455078125,128,c53e00a9a73f43feb55bfdb0bcd19005
378,6af58acc-1cd1-11ea-b608-b827ebbb6c40,Getter_red.png,2,0.8430805206298828,0.0000073909759521484375,0.8430731296539307,128,dd866f31101a4dd9b60f970133662c01
379,6af25550-1cd1-11ea-b608-b827ebbb6c40,Getter_red.png,2,0.8154280185699463,0.000007867813110351562,0.8154201507568359,128,5d5a0ae87e0043b9aa3bd42b6b5ec9e3
380,6af8b404-1cd1-11ea-b608-b827ebbb6c40,Getter_red.png,2,0.8566317558288574,0.000007867813110351562,0.8566238880157471,128,dac53397ee0d4adbb4d6438aeb30e839
381,6af884c0-1cd1-11ea-b608-b827ebbb6c40,Getter_red.png,2,0.8281116485595703,0.00000762939453125,0.8281040191650391,128,25bf88a20c9a46e8b3e133598cafccae
382,6aa542c4-1cd1-11ea-b608-b827ebbb6c40,Getter_red.png,2,0.3109450340270996,0.000010967254638671875,0.31093406677246094,128,926787880641433ab4aa1b3dd5d02be1
383,6aa75168-1cd1-11ea-b608-b827ebbb6c40,Getter_red.png,2,0.29812169075012207,0.000010013580322265625,0.2981116771697998,128,926787880641433ab4aa1b3dd5d02be1
384,6af9c3da-1cd1-11ea-b608-b827ebbb6c40,Getter_red.png,2,0.8359506130218506,0.000007867813110351562,0.8359427452087402,128,b265f7d18cf34c7990c40e13ad546c0b
385,6aa43fbe-1cd1-11ea-b608-b827ebbb6c40,Getter_red.png,2,0.30734920501708984,0.000010967254638671875,0.30733823776245117,128,535ffc0194144d14b7dd3c5060d9e9da
386,60456104-1cd3-11ea-b608-b827ebbb6c40,Getter_red.png,2,0.8399338722229004,0.0000073909759521484375,0.8399264812469482,128,d80bf0379cab4c5381b05ee4b64cf041
387,60461d74-1cd3-11ea-b608-b827ebbb6c40,Getter_red.png,2,0.8439440727233887,0.000008821487426757812,0.8439352512359619,128,d7470eb0d7a944749ff80664ea9da1ef
388,5ff1d23c-1cd3-11ea-b608-b827ebbb6c40,Getter_red.png,2,0.2896459102630615,0.000010251998901367188,0.28963565826416016,128,b265f7d18cf34c7990c40e13ad546c0b
389,604042c8-1cd3-11ea-b608-b827ebbb6c40,Getter_red.png,2,0.8031144142150879,0.000007152557373046875,0.8031072616577148,128,57103b8ea5954633b573d1313220fc9e
390,5ff2e00a-1cd3-11ea-b608-b827ebbb6c40,Getter_red.png,2,0.26798105239868164,0.0000095367431640625,0.2679715156555176,128,926787880641433ab4aa1b3dd5d02be1
391,5ff91254-1cd3-11ea-b608-b827ebbb6c40,Getter_red.png,2,0.33258748054504395,0.000009775161743164062,0.3325777053833008,128,b265f7d18cf34c7990c40e13ad546c0b
392,6047be86-1cd3-11ea-b608-b827ebbb6c40,Getter_red.png,2,0.8255012035369873,0.000007867813110351562,0.825493335723877,128,c3bfe44960d44f1b84dd05c91830bfd7
393,60480850-1cd3-11ea-b608-b827ebbb6c40,Getter_red.png,2,0.8276019096374512,0.000008344650268554688,0.8275935649871826,128,3d65a14d173b49f89b55544891167fbe
394,5ff56c30-1cd3-11ea-b608-b827ebbb6c40,Getter_red.png,2,0.2886841297149658,0.00001049041748046875,0.28867363929748535,128,926787880641433ab4aa1b3dd5d02be1
395,5fee9680-1cd3-11ea-b608-b827ebbb6c40,Getter_red.png,2,0.2713742256164551,0.000010251998901367188,0.2713639736175537,128,b265f7d18cf34c7990c40e13ad546c0b
396,0447e1ca-1ce1-11ea-9264-b827ebbb6c40,Getter_blue.png,2,0.7490551471710205,0.0000073909759521484375,0.7490477561950684,128,dd570ad1241c4d559b435ee04b8ef04a
397,4d7bb45c-1ce1-11ea-9264-b827ebbb6c40,Getter_blue.png,2,0.1897716522216797,0.000009059906005859375,0.18976259231567383,128,dd570ad1241c4d559b435ee04b8ef04a
398,dcbf88be-1ce1-11ea-9264-b827ebbb6c40,Getter_blue.png,2,0.22460246086120605,0.000009775161743164062,0.2245926856994629,128,dd570ad1241c4d559b435ee04b8ef04a
399,b37b0a36-1ce2-11ea-9264-b827ebbb6c40,Getter_blue.png,2,0.2145388126373291,0.000009775161743164062,0.21452903747558594,128,dd570ad1241c4d559b435ee04b8ef04a
400,d1cd9afc-1ce3-11ea-9264-b827ebbb6c40,Getter_blue.png,2,0.23504972457885742,0.000010013580322265625,0.23503971099853516,128,dd570ad1241c4d559b435ee04b8ef04a
401,37a8ebe6-1ce5-11ea-9264-b827ebbb6c40,Getter_blue.png,2,0.24747848510742188,0.000009298324584960938,0.24746918678283691,128,dd570ad1241c4d559b435ee04b8ef04a
402,e553b27a-1ce6-11ea-9264-b827ebbb6c40,Getter_blue.png,2,0.727992057800293,0.000007867813110351562,0.7279841899871826,128,2bbaa91b64d34771ba38a995fd646c45
403,dfddf426-1ce7-11ea-9264-b827ebbb6c40,Getter_blue.png,2,0.20086002349853516,0.000010013580322265625,0.2008500099182129,128,2bbaa91b64d34771ba38a995fd646c45
404,21f5fdf8-1ce9-11ea-9264-b827ebbb6c40,Getter_blue.png,2,0.2503852844238281,0.00001049041748046875,0.25037479400634766,128,2bbaa91b64d34771ba38a995fd646c45
405,abe0945a-1cea-11ea-9264-b827ebbb6c40,Getter_blue.png,2,0.747746467590332,0.000009059906005859375,0.7477374076843262,128,d9f4698728ba47da9c8adde09af7017e
406,82aa3f0e-1ceb-11ea-9264-b827ebbb6c40,Getter_blue.png,2,0.2184736728668213,0.000010251998901367188,0.21846342086791992,128,d9f4698728ba47da9c8adde09af7017e
407,a0fddbae-1cec-11ea-9264-b827ebbb6c40,Getter_blue.png,2,0.24154353141784668,0.000010728836059570312,0.2415328025817871,128,d9f4698728ba47da9c8adde09af7017e
408,06de4b6a-1cee-11ea-9264-b827ebbb6c40,Getter_blue.png,2,0.2144620418548584,0.000010251998901367188,0.21445178985595703,128,d9f4698728ba47da9c8adde09af7017e
409,b48fb518-1cef-11ea-9264-b827ebbb6c40,Getter_blue.png,2,0.7711167335510254,0.000007867813110351562,0.771108865737915,128,7a62171cca9e4380ace14ae369247f00
410,af1c3fe2-1cf0-11ea-9264-b827ebbb6c40,Getter_blue.png,2,0.2155449390411377,0.000010251998901367188,0.21553468704223633,128,7a62171cca9e4380ace14ae369247f00
411,f134c678-1cf1-11ea-9264-b827ebbb6c40,Getter_blue.png,2,0.24770569801330566,0.000010728836059570312,0.2476949691772461,128,7a62171cca9e4380ace14ae369247f00
412,7b306c78-1cf3-11ea-9264-b827ebbb6c40,Getter_blue.png,2,0.7727739810943604,0.000008106231689453125,0.7727658748626709,128,60db20bae2b14dc097b857df2543fc9c
413,51f9301e-1cf4-11ea-9264-b827ebbb6c40,Getter_blue.png,2,0.2117009162902832,0.000010251998901367188,0.21169066429138184,128,60db20bae2b14dc097b857df2543fc9c
414,704e7bae-1cf5-11ea-9264-b827ebbb6c40,Getter_blue.png,2,0.22954297065734863,0.000009775161743164062,0.22953319549560547,128,60db20bae2b14dc097b857df2543fc9c
415,d62662ec-1cf6-11ea-9264-b827ebbb6c40,Getter_blue.png,2,0.22644591331481934,0.000010013580322265625,0.22643589973449707,128,60db20bae2b14dc097b857df2543fc9c
416,83ceb6aa-1cf8-11ea-9264-b827ebbb6c40,Getter_blue.png,2,0.7115535736083984,0.000008106231689453125,0.711545467376709,128,1d72da52a5fb4ddcab9c547eae254a37
417,318127c8-1cfa-11ea-9264-b827ebbb6c40,Getter_blue.png,2,0.727264404296875,0.00000762939453125,0.7272567749023438,128,28ce398e7e6a47e795c4ce494699c4dc
418,08489494-1cfb-11ea-9264-b827ebbb6c40,Getter_blue.png,2,0.20260286331176758,0.000010013580322265625,0.2025928497314453,128,28ce398e7e6a47e795c4ce494699c4dc
419,031058bc-1cfc-11ea-9264-b827ebbb6c40,Getter_blue.png,2,0.22360754013061523,0.000011444091796875,0.22359609603881836,128,28ce398e7e6a47e795c4ce494699c4dc
420,21f1eea2-1cfd-11ea-9264-b827ebbb6c40,Getter_blue.png,2,0.2242426872253418,0.000010251998901367188,0.22423243522644043,128,28ce398e7e6a47e795c4ce494699c4dc
421,6404900a-1cfe-11ea-9264-b827ebbb6c40,Getter_blue.png,2,0.21298432350158691,0.000010013580322265625,0.21297430992126465,128,28ce398e7e6a47e795c4ce494699c4dc
422,c9db2596-1cff-11ea-9264-b827ebbb6c40,Getter_blue.png,2,0.23271465301513672,0.000010967254638671875,0.23270368576049805,128,28ce398e7e6a47e795c4ce494699c4dc
423,53c843c8-1d01-11ea-9264-b827ebbb6c40,Getter_blue.png,2,0.764277458190918,0.000008344650268554688,0.7642691135406494,128,e2c80138fdee458880090b023289eef0
424,2a90a0c6-1d02-11ea-9264-b827ebbb6c40,Getter_blue.png,2,0.22693777084350586,0.000010728836059570312,0.2269270420074463,128,e2c80138fdee458880090b023289eef0
425,2522f606-1d03-11ea-9264-b827ebbb6c40,Getter_blue.png,2,0.25275397300720215,0.00001049041748046875,0.2527434825897217,128,e2c80138fdee458880090b023289eef0
426,436bf166-1d04-11ea-9264-b827ebbb6c40,Getter_blue.png,2,0.22188043594360352,0.000010013580322265625,0.22187042236328125,128,e2c80138fdee458880090b023289eef0
427,8577ceda-1d05-11ea-9264-b827ebbb6c40,Getter_blue.png,2,0.2260446548461914,0.000010251998901367188,0.22603440284729004,128,e2c80138fdee458880090b023289eef0
428,eb4777f0-1d06-11ea-9264-b827ebbb6c40,Getter_blue.png,2,0.21418285369873047,0.000010728836059570312,0.2141721248626709,128,e2c80138fdee458880090b023289eef0
429,753389ee-1d08-11ea-9264-b827ebbb6c40,Getter_blue.png,2,0.7652807235717773,0.0000073909759521484375,0.7652733325958252,128,f8a8615fa34a435d9c7aa962afd65049
430,4bf5a624-1d09-11ea-9264-b827ebbb6c40,Getter_blue.png,2,0.2279052734375,0.000010251998901367188,0.22789502143859863,128,f8a8615fa34a435d9c7aa962afd65049
431,46863dc4-1d0a-11ea-9264-b827ebbb6c40,Getter_blue.png,2,0.24516725540161133,0.000010967254638671875,0.24515628814697266,128,f8a8615fa34a435d9c7aa962afd65049
432,64ca724a-1d0b-11ea-9264-b827ebbb6c40,Getter_blue.png,2,0.22318553924560547,0.000009775161743164062,0.2231757640838623,128,f8a8615fa34a435d9c7aa962afd65049
433,a79b07e6-1d0c-11ea-9264-b827ebbb6c40,Getter_blue.png,2,0.21176528930664062,0.00001049041748046875,0.21175479888916016,128,f8a8615fa34a435d9c7aa962afd65049
434,0d72bdc4-1d0e-11ea-9264-b827ebbb6c40,Getter_blue.png,2,0.22008252143859863,0.000011444091796875,0.22007107734680176,128,f8a8615fa34a435d9c7aa962afd65049
435,975d8e3c-1d0f-11ea-9264-b827ebbb6c40,Getter_blue.png,2,0.7201879024505615,0.000007867813110351562,0.7201800346374512,128,2765e3499ae24913980ef1544a4a370f
436,6e28b7a2-1d10-11ea-9264-b827ebbb6c40,Getter_blue.png,2,0.27745866775512695,0.000010251998901367188,0.2774484157562256,128,2765e3499ae24913980ef1544a4a370f
437,68d3935c-1d11-11ea-9264-b827ebbb6c40,Getter_blue.png,2,0.2443075180053711,0.0000095367431640625,0.24429798126220703,128,2765e3499ae24913980ef1544a4a370f
438,8720f04c-1d12-11ea-9264-b827ebbb6c40,Getter_blue.png,2,0.22065019607543945,0.000010251998901367188,0.22063994407653809,128,2765e3499ae24913980ef1544a4a370f
439,c933d660-1d13-11ea-9264-b827ebbb6c40,Getter_blue.png,2,0.21564793586730957,0.0000095367431640625,0.2156383991241455,128,2765e3499ae24913980ef1544a4a370f
440,2f05eb76-1d15-11ea-9264-b827ebbb6c40,Getter_blue.png,2,0.24326395988464355,0.000009059906005859375,0.2432548999786377,128,2765e3499ae24913980ef1544a4a370f
441,b9908714-1d16-11ea-9264-b827ebbb6c40,Getter_blue.png,2,0.7349443435668945,0.00000762939453125,0.7349367141723633,128,ac33ccc0c49c4b8888ca2d543eb4af3c
442,7f60f662-1d1d-11ea-9ee2-b827ebbb6c40,Getter_blue.png,2,0.7172267436981201,0.000007867813110351562,0.7172188758850098,512,2cd38ad45745471ab2086592ef82ae6d
443,c82a7b84-1d1d-11ea-9ee2-b827ebbb6c40,Getter_blue.png,2,0.2247931957244873,0.000009298324584960938,0.22478389739990234,512,2cd38ad45745471ab2086592ef82ae6d
444,576f6b38-1d1e-11ea-9ee2-b827ebbb6c40,Getter_blue.png,2,0.21323871612548828,0.0000095367431640625,0.21322917938232422,512,2cd38ad45745471ab2086592ef82ae6d
445,2e2e8212-1d1f-11ea-9ee2-b827ebbb6c40,Getter_blue.png,2,0.22907733917236328,0.0000095367431640625,0.22906780242919922,512,2cd38ad45745471ab2086592ef82ae6d
446,4c8c0012-1d20-11ea-9ee2-b827ebbb6c40,Getter_blue.png,2,0.23400259017944336,0.000009775161743164062,0.2339928150177002,512,2cd38ad45745471ab2086592ef82ae6d
447,b255e63c-1d21-11ea-9ee2-b827ebbb6c40,Getter_blue.png,2,0.22764801979064941,0.0000095367431640625,0.22763848304748535,512,2cd38ad45745471ab2086592ef82ae6d
448,600437b0-1d23-11ea-9ee2-b827ebbb6c40,Getter_blue.png,2,0.7474982738494873,0.000007152557373046875,0.7474911212921143,512,cf23074c20324afabdb1a71766a6f896
449,5a933730-1d24-11ea-9ee2-b827ebbb6c40,Getter_blue.png,2,0.2290966510772705,0.00001049041748046875,0.22908616065979004,512,cf23074c20324afabdb1a71766a6f896
450,9cac0f38-1d25-11ea-9ee2-b827ebbb6c40,Getter_blue.png,2,0.25060343742370605,0.000010967254638671875,0.2505924701690674,512,cf23074c20324afabdb1a71766a6f896
451,26950398-1d27-11ea-9ee2-b827ebbb6c40,Getter_blue.png,2,0.7392494678497314,0.000007152557373046875,0.7392423152923584,512,b9f3ecc94113464197617c10ebd6e858
452,fd5f29c6-1d27-11ea-9ee2-b827ebbb6c40,Getter_blue.png,2,0.21886324882507324,0.000010251998901367188,0.21885299682617188,512,b9f3ecc94113464197617c10ebd6e858
453,1bb2846c-1d29-11ea-9ee2-b827ebbb6c40,Getter_blue.png,2,0.24090266227722168,0.000010251998901367188,0.2408924102783203,512,b9f3ecc94113464197617c10ebd6e858
454,81851a92-1d2a-11ea-9ee2-b827ebbb6c40,Getter_blue.png,2,0.19265961647033691,0.00001049041748046875,0.19264912605285645,512,b9f3ecc94113464197617c10ebd6e858
455,2f3038d8-1d2c-11ea-9ee2-b827ebbb6c40,Getter_blue.png,2,0.7297980785369873,0.0000073909759521484375,0.7297906875610352,512,22bfe76747dc4196948a78937ffe79e4
456,29c0812c-1d2d-11ea-9ee2-b827ebbb6c40,Getter_blue.png,2,0.22316670417785645,0.000009298324584960938,0.22315740585327148,512,22bfe76747dc4196948a78937ffe79e4
457,6bd5d7be-1d2e-11ea-9ee2-b827ebbb6c40,Getter_blue.png,2,0.23160910606384277,0.0000095367431640625,0.2315995693206787,512,22bfe76747dc4196948a78937ffe79e4
458,f5bed09c-1d2f-11ea-9ee2-b827ebbb6c40,Getter_blue.png,2,0.7380256652832031,0.000008344650268554688,0.7380173206329346,512,fef32cb5b1464850a64fc479e4cf2de8
459,cdf9b896-1d30-11ea-9ee2-b827ebbb6c40,Getter_blue.png,2,0.24472570419311523,0.000009775161743164062,0.24471592903137207,512,fef32cb5b1464850a64fc479e4cf2de8
460,ec4a4008-1d31-11ea-9ee2-b827ebbb6c40,Getter_blue.png,2,0.2206416130065918,0.000009298324584960938,0.22063231468200684,512,fef32cb5b1464850a64fc479e4cf2de8
461,5223e392-1d33-11ea-9ee2-b827ebbb6c40,Getter_blue.png,2,0.23217129707336426,0.000009775161743164062,0.2321615219116211,512,fef32cb5b1464850a64fc479e4cf2de8
462,ffd0949e-1d34-11ea-9ee2-b827ebbb6c40,Getter_blue.png,2,0.738868236541748,0.0000073909759521484375,0.7388608455657959,512,52a622f75ce54b66a6dd4e1ed81a6535
463,aed31d76-1d36-11ea-9ee2-b827ebbb6c40,Getter_blue.png,2,0.75962233543396,0.000007867813110351562,0.7596144676208496,512,592304d40c3643bb9e68b76ee1f9b260
464,859efc44-1d37-11ea-9ee2-b827ebbb6c40,Getter_blue.png,2,0.2306818962097168,0.000010251998901367188,0.23067164421081543,512,592304d40c3643bb9e68b76ee1f9b260
465,802ba374-1d38-11ea-9ee2-b827ebbb6c40,Getter_blue.png,2,0.2272043228149414,0.000009775161743164062,0.22719454765319824,512,592304d40c3643bb9e68b76ee1f9b260
466,9e750b26-1d39-11ea-9ee2-b827ebbb6c40,Getter_blue.png,2,0.24092912673950195,0.000010013580322265625,0.2409191131591797,512,592304d40c3643bb9e68b76ee1f9b260
467,e0f901ea-1d3a-11ea-9ee2-b827ebbb6c40,Getter_blue.png,2,0.24817371368408203,0.00003075599670410156,0.24814295768737793,512,592304d40c3643bb9e68b76ee1f9b260
468,46cfb3a0-1d3c-11ea-9ee2-b827ebbb6c40,Getter_blue.png,2,0.246809720993042,0.000009298324584960938,0.24680042266845703,512,592304d40c3643bb9e68b76ee1f9b260
469,d0b68cdc-1d3d-11ea-9ee2-b827ebbb6c40,Getter_blue.png,2,0.7225944995880127,0.0000073909759521484375,0.7225871086120605,512,0fa7fb39ac604712bef87546c140fa7a
470,a7763cf4-1d3e-11ea-9ee2-b827ebbb6c40,Getter_blue.png,2,0.21191143989562988,0.000009059906005859375,0.21190237998962402,512,0fa7fb39ac604712bef87546c140fa7a
471,a26f5302-1d3f-11ea-9ee2-b827ebbb6c40,Getter_blue.png,2,0.2591865062713623,0.0000095367431640625,0.25917696952819824,512,0fa7fb39ac604712bef87546c140fa7a
472,c0b61ce6-1d40-11ea-9ee2-b827ebbb6c40,Getter_blue.png,2,0.24793338775634766,0.000009298324584960938,0.2479240894317627,512,0fa7fb39ac604712bef87546c140fa7a
473,02ccd254-1d42-11ea-9ee2-b827ebbb6c40,Getter_blue.png,2,0.21324729919433594,0.000010013580322265625,0.21323728561401367,512,0fa7fb39ac604712bef87546c140fa7a
474,68a203d2-1d43-11ea-9ee2-b827ebbb6c40,Getter_blue.png,2,0.22693538665771484,0.000015974044799804688,0.22691941261291504,512,0fa7fb39ac604712bef87546c140fa7a
475,f27b860e-1d44-11ea-9ee2-b827ebbb6c40,Getter_blue.png,2,0.7361488342285156,0.00000762939453125,0.7361412048339844,512,492f382badc14cb4993672abdb04e7bf
476,c946bc44-1d45-11ea-9ee2-b827ebbb6c40,Getter_blue.png,2,0.24178528785705566,0.000010251998901367188,0.2417750358581543,512,492f382badc14cb4993672abdb04e7bf
477,c3d32a62-1d46-11ea-9ee2-b827ebbb6c40,Getter_blue.png,2,0.2509312629699707,0.00001049041748046875,0.25092077255249023,512,492f382badc14cb4993672abdb04e7bf
478,e217dec2-1d47-11ea-9ee2-b827ebbb6c40,Getter_blue.png,2,0.22949481010437012,0.000009775161743164062,0.22948503494262695,512,492f382badc14cb4993672abdb04e7bf
479,24268344-1d49-11ea-9ee2-b827ebbb6c40,Getter_blue.png,2,0.20281219482421875,0.000009775161743164062,0.20280241966247559,512,492f382badc14cb4993672abdb04e7bf
480,89f20972-1d4a-11ea-9ee2-b827ebbb6c40,Getter_blue.png,2,0.2272334098815918,0.000009298324584960938,0.22722411155700684,512,492f382badc14cb4993672abdb04e7bf
481,13d7f84e-1d4c-11ea-9ee2-b827ebbb6c40,Getter_blue.png,2,0.7042026519775391,0.000009059906005859375,0.7041935920715332,512,7c57aac23dcb47caa0f4d4765f79dbc3
482,eaa17d82-1d4c-11ea-9ee2-b827ebbb6c40,Getter_blue.png,2,0.21788358688354492,0.000010251998901367188,0.21787333488464355,512,7c57aac23dcb47caa0f4d4765f79dbc3
483,e5351272-1d4d-11ea-9ee2-b827ebbb6c40,Getter_blue.png,2,0.25012946128845215,0.00001049041748046875,0.2501189708709717,512,7c57aac23dcb47caa0f4d4765f79dbc3
484,03f42a6c-1d4f-11ea-9ee2-b827ebbb6c40,Getter_blue.png,2,0.21244478225708008,0.000010013580322265625,0.2124347686767578,512,7c57aac23dcb47caa0f4d4765f79dbc3
485,460aa98e-1d50-11ea-9ee2-b827ebbb6c40,Getter_blue.png,2,0.23934602737426758,0.00006318092346191406,0.23928284645080566,512,7c57aac23dcb47caa0f4d4765f79dbc3
486,abe66274-1d51-11ea-9ee2-b827ebbb6c40,Getter_blue.png,2,0.22632074356079102,0.000010251998901367188,0.22631049156188965,512,7c57aac23dcb47caa0f4d4765f79dbc3
487,35c446cc-1d53-11ea-9ee2-b827ebbb6c40,Getter_blue.png,2,0.7027633190155029,0.000008344650268554688,0.7027549743652344,512,e672947044c2480093378f748be366ff
488,22cd3456-1d8b-11ea-93c6-b827ebbb6c40,Getter_blue.png,2,0.7563071250915527,0.000008821487426757812,0.756298303604126,1536,836fe45ee73d48249709d5b1b469210d
489,6b8d1094-1d8b-11ea-93c6-b827ebbb6c40,Getter_blue.png,2,0.24289774894714355,0.000009298324584960938,0.2428884506225586,1536,836fe45ee73d48249709d5b1b469210d
490,fad08f74-1d8b-11ea-93c6-b827ebbb6c40,Getter_blue.png,2,0.22231745719909668,0.000010251998901367188,0.2223072052001953,1536,836fe45ee73d48249709d5b1b469210d
491,d1957114-1d8c-11ea-93c6-b827ebbb6c40,Getter_blue.png,2,0.20566439628601074,0.000010013580322265625,0.20565438270568848,1536,836fe45ee73d48249709d5b1b469210d
492,eff3b084-1d8d-11ea-93c6-b827ebbb6c40,Getter_blue.png,2,0.23981857299804688,0.000010728836059570312,0.2398078441619873,1536,836fe45ee73d48249709d5b1b469210d
493,55c724ee-1d8f-11ea-93c6-b827ebbb6c40,Getter_blue.png,2,0.21668434143066406,0.000009775161743164062,0.2166745662689209,1536,836fe45ee73d48249709d5b1b469210d
494,0374bf1a-1d91-11ea-93c6-b827ebbb6c40,Getter_blue.png,2,0.74643874168396,0.000008344650268554688,0.7464303970336914,1536,90bad69760614355823172b59cc28e78
495,fe036878-1d91-11ea-93c6-b827ebbb6c40,Getter_blue.png,2,0.23609662055969238,0.000010251998901367188,0.23608636856079102,1536,90bad69760614355823172b59cc28e78
496,40163104-1d93-11ea-93c6-b827ebbb6c40,Getter_blue.png,2,0.21075773239135742,0.000010251998901367188,0.21074748039245605,1536,90bad69760614355823172b59cc28e78
497,c9fc245e-1d94-11ea-93c6-b827ebbb6c40,Getter_blue.png,2,0.7459044456481934,0.000008106231689453125,0.7458963394165039,1536,0ec1b6798f8448898696f0f9e3908391
498,a0d0bed6-1d95-11ea-93c6-b827ebbb6c40,Getter_blue.png,2,0.21846556663513184,0.00001049041748046875,0.21845507621765137,1536,0ec1b6798f8448898696f0f9e3908391
499,bf2c77a2-1d96-11ea-93c6-b827ebbb6c40,Getter_blue.png,2,0.23581957817077637,0.000010251998901367188,0.235809326171875,1536,0ec1b6798f8448898696f0f9e3908391
500,250640fc-1d98-11ea-93c6-b827ebbb6c40,Getter_blue.png,2,0.24090266227722168,0.000011205673217773438,0.2408914566040039,1536,0ec1b6798f8448898696f0f9e3908391
501,d2ab3d92-1d99-11ea-93c6-b827ebbb6c40,Getter_blue.png,2,0.7207417488098145,0.00000762939453125,0.7207341194152832,1536,8c457ceb940f4ecbbff7e2a0df50351c
502,cd2bb08a-1d9a-11ea-93c6-b827ebbb6c40,Getter_blue.png,2,0.21590685844421387,0.000009775161743164062,0.2158970832824707,1536,8c457ceb940f4ecbbff7e2a0df50351c
503,0f41c33c-1d9c-11ea-93c6-b827ebbb6c40,Getter_blue.png,2,0.25623011589050293,0.000009059906005859375,0.25622105598449707,1536,8c457ceb940f4ecbbff7e2a0df50351c
504,99364cec-1d9d-11ea-93c6-b827ebbb6c40,Getter_blue.png,2,0.7439944744110107,0.000008821487426757812,0.743985652923584,1536,24f78f6c472340a895859ec193ad48b1
505,6ff0e54e-1d9e-11ea-93c6-b827ebbb6c40,Getter_blue.png,2,0.21712207794189453,0.000010013580322265625,0.21711206436157227,1536,24f78f6c472340a895859ec193ad48b1
506,8e39afd0-1d9f-11ea-93c6-b827ebbb6c40,Getter_blue.png,2,0.2546718120574951,0.000010728836059570312,0.25466108322143555,1536,24f78f6c472340a895859ec193ad48b1
507,f412e33e-1da0-11ea-93c6-b827ebbb6c40,Getter_blue.png,2,0.2349085807800293,0.000010013580322265625,0.23489856719970703,1536,24f78f6c472340a895859ec193ad48b1
508,a2278366-1da2-11ea-93c6-b827ebbb6c40,Getter_blue.png,2,0.7749931812286377,0.000008821487426757812,0.7749843597412109,1536,381bef29754e4cecae5e9224c0269707
509,4fdd2e2e-1da4-11ea-93c6-b827ebbb6c40,Getter_blue.png,2,0.7502608299255371,0.0000073909759521484375,0.750253438949585,1536,048b854b634643119159fe4b26fc152f
510,26acb442-1da5-11ea-93c6-b827ebbb6c40,Getter_blue.png,2,0.25712108612060547,0.000010967254638671875,0.2571101188659668,1536,048b854b634643119159fe4b26fc152f
511,213974b8-1da6-11ea-93c6-b827ebbb6c40,Getter_blue.png,2,0.23080658912658691,0.000010013580322265625,0.23079657554626465,1536,048b854b634643119159fe4b26fc152f
512,3f8b2410-1da7-11ea-93c6-b827ebbb6c40,Getter_blue.png,2,0.23018169403076172,0.000009775161743164062,0.23017191886901855,1536,048b854b634643119159fe4b26fc152f
513,819c3c4e-1da8-11ea-93c6-b827ebbb6c40,Getter_blue.png,2,0.22883319854736328,0.000009775161743164062,0.22882342338562012,1536,048b854b634643119159fe4b26fc152f
514,e7878878-1da9-11ea-93c6-b827ebbb6c40,Getter_blue.png,2,0.21156883239746094,0.000009775161743164062,0.21155905723571777,1536,048b854b634643119159fe4b26fc152f
515,7160282e-1dab-11ea-93c6-b827ebbb6c40,Getter_blue.png,2,0.7269465923309326,0.000008344650268554688,0.7269382476806641,1536,9eb381e2713049739b900e90cb895193
516,482a319c-1dac-11ea-93c6-b827ebbb6c40,Getter_blue.png,2,0.23282432556152344,0.000015497207641601562,0.23280882835388184,1536,9eb381e2713049739b900e90cb895193
517,42b0c054-1dad-11ea-93c6-b827ebbb6c40,Getter_blue.png,2,0.2319045066833496,0.000010728836059570312,0.23189377784729004,1536,9eb381e2713049739b900e90cb895193
518,60ff20ea-1dae-11ea-93c6-b827ebbb6c40,Getter_blue.png,2,0.2015841007232666,0.000010013580322265625,0.20157408714294434,1536,9eb381e2713049739b900e90cb895193
519,a312e9ca-1daf-11ea-93c6-b827ebbb6c40,Getter_blue.png,2,0.22256755828857422,0.000010728836059570312,0.22255682945251465,1536,9eb381e2713049739b900e90cb895193
520,08eac97e-1db1-11ea-93c6-b827ebbb6c40,Getter_blue.png,2,0.22719836235046387,0.000011205673217773438,0.2271871566772461,1536,f354c7dfc035434eae9a1383b7651174
521,92cc0940-1db2-11ea-93c6-b827ebbb6c40,Getter_blue.png,2,0.7202136516571045,0.00000858306884765625,0.7202050685882568,1536,4d276f87c00a4c848dbed2bfb8a18eef
522,699b1cae-1db3-11ea-93c6-b827ebbb6c40,Getter_blue.png,2,0.25083374977111816,0.0000095367431640625,0.2508242130279541,1536,4d276f87c00a4c848dbed2bfb8a18eef
523,642f2318-1db4-11ea-93c6-b827ebbb6c40,Getter_blue.png,2,0.2309885025024414,0.000010251998901367188,0.23097825050354004,1536,4d276f87c00a4c848dbed2bfb8a18eef
524,828443ba-1db5-11ea-93c6-b827ebbb6c40,Getter_blue.png,2,0.253389835357666,0.000010013580322265625,0.25337982177734375,1536,4d276f87c00a4c848dbed2bfb8a18eef
525,c532f354-1db6-11ea-93c6-b827ebbb6c40,Getter_blue.png,2,0.24444103240966797,0.000010251998901367188,0.2444307804107666,1536,4d276f87c00a4c848dbed2bfb8a18eef
526,2b092ac6-1db8-11ea-93c6-b827ebbb6c40,Getter_blue.png,2,0.21524596214294434,0.000009775161743164062,0.21523618698120117,1536,4d276f87c00a4c848dbed2bfb8a18eef
527,b4ed9622-1db9-11ea-93c6-b827ebbb6c40,Getter_blue.png,2,0.7550432682037354,0.00000762939453125,0.7550356388092041,1536,00d0b027124347d49085e983a895116a
528,8bbc083c-1dba-11ea-93c6-b827ebbb6c40,Getter_blue.png,2,0.2494819164276123,0.00001049041748046875,0.24947142601013184,1536,00d0b027124347d49085e983a895116a
529,863fb682-1dbb-11ea-93c6-b827ebbb6c40,Getter_blue.png,2,0.22054052352905273,0.00001049041748046875,0.22053003311157227,1536,00d0b027124347d49085e983a895116a
530,a491a81a-1dbc-11ea-93c6-b827ebbb6c40,Getter_blue.png,2,0.24485158920288086,0.000008821487426757812,0.2448427677154541,1536,00d0b027124347d49085e983a895116a
531,e6a46ae8-1dbd-11ea-93c6-b827ebbb6c40,Getter_blue.png,2,0.24618148803710938,0.000009775161743164062,0.2461717128753662,1536,00d0b027124347d49085e983a895116a
532,4c7d4ee2-1dbf-11ea-93c6-b827ebbb6c40,Getter_blue.png,2,0.23396658897399902,0.000009775161743164062,0.23395681381225586,1536,00d0b027124347d49085e983a895116a
533,d66519ae-1dc0-11ea-93c6-b827ebbb6c40,Getter_blue.png,2,0.7304913997650146,0.000008106231689453125,0.7304832935333252,1536,a7935d086cee4f0caad0fe1639415a5d
534,31419e52-1e60-11ea-8d9e-b827ebbb6c40,Getter_blue.png,2,0.7475950717926025,0.00000858306884765625,0.7475864887237549,3008,c5a6cf6ad6294715bbb266af72299405
535,79fe930c-1e60-11ea-8d9e-b827ebbb6c40,Getter_blue.png,2,0.20903372764587402,0.000010013580322265625,0.20902371406555176,3008,c5a6cf6ad6294715bbb266af72299405
536,0942f576-1e61-11ea-8d9e-b827ebbb6c40,Getter_blue.png,2,0.23985505104064941,0.000010728836059570312,0.23984432220458984,3008,c5a6cf6ad6294715bbb266af72299405
537,e0080f42-1e61-11ea-8d9e-b827ebbb6c40,Getter_blue.png,2,0.24757647514343262,0.000010728836059570312,0.24756574630737305,3008,c5a6cf6ad6294715bbb266af72299405
538,fe59ff72-1e62-11ea-8d9e-b827ebbb6c40,Getter_blue.png,2,0.22673273086547852,0.000010967254638671875,0.22672176361083984,3008,c5a6cf6ad6294715bbb266af72299405
539,642ea590-1e64-11ea-8d9e-b827ebbb6c40,Getter_blue.png,2,0.25893545150756836,0.000010967254638671875,0.2589244842529297,3008,c5a6cf6ad6294715bbb266af72299405
540,11d85942-1e66-11ea-8d9e-b827ebbb6c40,Getter_blue.png,2,0.7203617095947266,0.000007867813110351562,0.7203538417816162,3008,d3d793943e2b40ddabe7809a9b96f7aa
541,0c63dc60-1e67-11ea-8d9e-b827ebbb6c40,Getter_blue.png,2,0.24755620956420898,0.000010251998901367188,0.24754595756530762,3008,d3d793943e2b40ddabe7809a9b96f7aa
542,4e790d90-1e68-11ea-8d9e-b827ebbb6c40,Getter_blue.png,2,0.23327994346618652,0.0000095367431640625,0.23327040672302246,3008,d3d793943e2b40ddabe7809a9b96f7aa
543,d86341dc-1e69-11ea-8d9e-b827ebbb6c40,Getter_blue.png,2,0.7617478370666504,0.000008106231689453125,0.7617397308349609,3008,1fc981b0f3a84081bc3c82329a4bc19e
544,af2fd144-1e6a-11ea-8d9e-b827ebbb6c40,Getter_blue.png,2,0.23562884330749512,0.000009298324584960938,0.23561954498291016,3008,1fc981b0f3a84081bc3c82329a4bc19e
545,cdf6b6c8-1e6b-11ea-8d9e-b827ebbb6c40,Getter_blue.png,2,0.2188100814819336,0.000010251998901367188,0.21879982948303223,3008,1fc981b0f3a84081bc3c82329a4bc19e
546,34712ea0-1e6d-11ea-8d9e-b827ebbb6c40,Getter_blue.png,2,0.20945167541503906,0.00001049041748046875,0.2094411849975586,3008,1fc981b0f3a84081bc3c82329a4bc19e
547,e2181b76-1e6e-11ea-8d9e-b827ebbb6c40,Getter_blue.png,2,0.701977014541626,0.0000073909759521484375,0.7019696235656738,3008,8c3aa3a62932486da916fd9a62b9915d
548,dcaa0bb2-1e6f-11ea-8d9e-b827ebbb6c40,Getter_blue.png,2,0.2481684684753418,0.000009775161743164062,0.24815869331359863,3008,8c3aa3a62932486da916fd9a62b9915d
549,1ec1e104-1e71-11ea-8d9e-b827ebbb6c40,Getter_blue.png,2,0.2339773178100586,0.000010013580322265625,0.23396730422973633,3008,8c3aa3a62932486da916fd9a62b9915d
550,a8a9a59a-1e72-11ea-8d9e-b827ebbb6c40,Getter_blue.png,2,0.7302260398864746,0.000008344650268554688,0.730217695236206,3008,394568e3a2304991abff1339c0f2ddfc
551,7f7268fa-1e73-11ea-8d9e-b827ebbb6c40,Getter_blue.png,2,0.2253401279449463,0.000010251998901367188,0.22532987594604492,3008,394568e3a2304991abff1339c0f2ddfc
552,9db754dc-1e74-11ea-8d9e-b827ebbb6c40,Getter_blue.png,2,0.23262357711791992,0.00001049041748046875,0.23261308670043945,3008,394568e3a2304991abff1339c0f2ddfc
553,038f93b8-1e76-11ea-8d9e-b827ebbb6c40,Getter_blue.png,2,0.22338366508483887,0.000011205673217773438,0.2233724594116211,3008,394568e3a2304991abff1339c0f2ddfc
554,b19cf756-1e77-11ea-8d9e-b827ebbb6c40,Getter_blue.png,2,0.7112007141113281,0.00000762939453125,0.7111930847167969,3008,b0e0232b93b145a1bec71288f1ad3f2b
555,5f4883ce-1e79-11ea-8d9e-b827ebbb6c40,Getter_blue.png,2,0.710118293762207,0.000007152557373046875,0.710111141204834,3008,4684055ce07c4fd5b4f936ee9e18f1f3
556,361375a8-1e7a-11ea-8d9e-b827ebbb6c40,Getter_blue.png,2,0.22803544998168945,0.000010013580322265625,0.2280254364013672,3008,4684055ce07c4fd5b4f936ee9e18f1f3
557,30a1d8b6-1e7b-11ea-8d9e-b827ebbb6c40,Getter_blue.png,2,0.22948551177978516,0.000010013580322265625,0.2294754981994629,3008,4684055ce07c4fd5b4f936ee9e18f1f3
558,4ef28ecc-1e7c-11ea-8d9e-b827ebbb6c40,Getter_blue.png,2,0.2297356128692627,0.000010251998901367188,0.22972536087036133,3008,4684055ce07c4fd5b4f936ee9e18f1f3
559,91086c5e-1e7d-11ea-8d9e-b827ebbb6c40,Getter_blue.png,2,0.23883557319641113,0.0000095367431640625,0.23882603645324707,3008,4684055ce07c4fd5b4f936ee9e18f1f3
560,f6e12a56-1e7e-11ea-8d9e-b827ebbb6c40,Getter_blue.png,2,0.23244786262512207,0.000010967254638671875,0.2324368953704834,3008,4684055ce07c4fd5b4f936ee9e18f1f3
561,80cd5ab8-1e80-11ea-8d9e-b827ebbb6c40,Getter_blue.png,2,0.7541544437408447,0.000007867813110351562,0.7541465759277344,3008,820ddda680914dbba3ccceac84a490e6
