id,uuid,total_invoke_time,total_invoke_latency,time_stamp,description,concurrent,thread_num,num_threads,id,test_uuid,function_name,fx_id,total_time,exe_time,latency,memory_limit,log_stream_name
48,86d07db4-1acf-11ea-b282-b827ebbb6c40,1.8053131103515625,1.5551273822784424,2019-12-10 00:22:23,85bc9f34-1acf-11ea-b282-b827ebbb6c40|weakest_link_experiment,0,1,1,96,86d07db4-1acf-11ea-b282-b827ebbb6c40,Getter_list,2,1.0375769138336182,0.2498478889465332,0.787729024887085,128,620e39112b344704a9b12308bfdcb44d
48,86d07db4-1acf-11ea-b282-b827ebbb6c40,1.8053131103515625,1.5551273822784424,2019-12-10 00:22:23,85bc9f34-1acf-11ea-b282-b827ebbb6c40|weakest_link_experiment,0,1,1,97,86d07db4-1acf-11ea-b282-b827ebbb6c40,Getter_Random3-Test.png,2,0.0418238639831543,0.000028371810913085938,0.04179549217224121,128,620e39112b344704a9b12308bfdcb44d
48,86d07db4-1acf-11ea-b282-b827ebbb6c40,1.8053131103515625,1.5551273822784424,2019-12-10 00:22:23,85bc9f34-1acf-11ea-b282-b827ebbb6c40|weakest_link_experiment,0,1,1,98,86d07db4-1acf-11ea-b282-b827ebbb6c40,Feed-Generator,3,1.8053131103515625,1.0797102451324463,0.7256028652191162,128,5254efdf8cb44aa39d6b299f171439b2
49,7c9b6c1c-1ad1-11ea-b282-b827ebbb6c40,1.7630517482757568,1.5044465065002441,2019-12-10 00:22:23,85bc9f34-1acf-11ea-b282-b827ebbb6c40|weakest_link_experiment,0,1,1,99,7c9b6c1c-1ad1-11ea-b282-b827ebbb6c40,Getter_list,2,1.0066180229187012,0.2582547664642334,0.7483632564544678,128,1e48fda05774499ea2aacf697bbaacfa
49,7c9b6c1c-1ad1-11ea-b282-b827ebbb6c40,1.7630517482757568,1.5044465065002441,2019-12-10 00:22:23,85bc9f34-1acf-11ea-b282-b827ebbb6c40|weakest_link_experiment,0,1,1,100,7c9b6c1c-1ad1-11ea-b282-b827ebbb6c40,Getter_Random3-Test.png,2,0.0377507209777832,0.00003218650817871094,0.03771853446960449,128,1e48fda05774499ea2aacf697bbaacfa
49,7c9b6c1c-1ad1-11ea-b282-b827ebbb6c40,1.7630517482757568,1.5044465065002441,2019-12-10 00:22:23,85bc9f34-1acf-11ea-b282-b827ebbb6c40|weakest_link_experiment,0,1,1,101,7c9b6c1c-1ad1-11ea-b282-b827ebbb6c40,Feed-Generator,3,1.7630517482757568,1.044687032699585,0.7183647155761719,128,2540700e26954e5190d6923f6918e1b9
50,7d4cb5c6-1ad1-11ea-b282-b827ebbb6c40,1.1582684516906738,1.0719642639160156,2019-12-10 00:22:23,85bc9f34-1acf-11ea-b282-b827ebbb6c40|weakest_link_experiment,0,1,1,102,7d4cb5c6-1ad1-11ea-b282-b827ebbb6c40,Getter_list,2,0.08255672454833984,0.031813621520996094,0.05074310302734375,128,1e48fda05774499ea2aacf697bbaacfa
50,7d4cb5c6-1ad1-11ea-b282-b827ebbb6c40,1.1582684516906738,1.0719642639160156,2019-12-10 00:22:23,85bc9f34-1acf-11ea-b282-b827ebbb6c40|weakest_link_experiment,0,1,1,103,7d4cb5c6-1ad1-11ea-b282-b827ebbb6c40,Getter_Random3-Test.png,2,0.04154348373413086,0.000010013580322265625,0.041533470153808594,128,1e48fda05774499ea2aacf697bbaacfa
50,7d4cb5c6-1ad1-11ea-b282-b827ebbb6c40,1.1582684516906738,1.0719642639160156,2019-12-10 00:22:23,85bc9f34-1acf-11ea-b282-b827ebbb6c40|weakest_link_experiment,0,1,1,104,7d4cb5c6-1ad1-11ea-b282-b827ebbb6c40,Feed-Generator,3,0.3531193733215332,0.12437582015991211,0.2287435531616211,128,2540700e26954e5190d6923f6918e1b9
50,7d4cb5c6-1ad1-11ea-b282-b827ebbb6c40,1.1582684516906738,1.0719642639160156,2019-12-10 00:22:23,85bc9f34-1acf-11ea-b282-b827ebbb6c40|weakest_link_experiment,0,1,1,105,7d4cb5c6-1ad1-11ea-b282-b827ebbb6c40,Feed-WebView,4,1.1582684516906738,0.40732431411743164,0.7509441375732422,128,c9d75704fab14ff993e439b3574574a5
51,7317c080-1ad3-11ea-b282-b827ebbb6c40,1.7653851509094238,1.500824213027954,2019-12-10 00:22:23,85bc9f34-1acf-11ea-b282-b827ebbb6c40|weakest_link_experiment,0,1,1,106,7317c080-1ad3-11ea-b282-b827ebbb6c40,Getter_list,2,1.0394484996795654,0.26419687271118164,0.7752516269683838,128,9536c1924bed4b64b9fd9b7fc013d156
51,7317c080-1ad3-11ea-b282-b827ebbb6c40,1.7653851509094238,1.500824213027954,2019-12-10 00:22:23,85bc9f34-1acf-11ea-b282-b827ebbb6c40|weakest_link_experiment,0,1,1,107,7317c080-1ad3-11ea-b282-b827ebbb6c40,Getter_Random3-Test.png,2,0.03154277801513672,0.00003647804260253906,0.03150629997253418,128,9536c1924bed4b64b9fd9b7fc013d156
51,7317c080-1ad3-11ea-b282-b827ebbb6c40,1.7653851509094238,1.500824213027954,2019-12-10 00:22:23,85bc9f34-1acf-11ea-b282-b827ebbb6c40|weakest_link_experiment,0,1,1,108,7317c080-1ad3-11ea-b282-b827ebbb6c40,Feed-Generator,3,1.7653851509094238,1.0713188648223877,0.6940662860870361,128,f7c1a33cdf51487caa35f8c7ef24a58a
52,68d1b3fe-1ad5-11ea-b282-b827ebbb6c40,1.7428581714630127,1.5141339302062988,2019-12-10 00:22:23,85bc9f34-1acf-11ea-b282-b827ebbb6c40|weakest_link_experiment,0,1,1,109,68d1b3fe-1ad5-11ea-b282-b827ebbb6c40,Getter_list,2,1.009831428527832,0.2283918857574463,0.7814395427703857,128,e53412b8230341cd82493b77fa0e7d21
52,68d1b3fe-1ad5-11ea-b282-b827ebbb6c40,1.7428581714630127,1.5141339302062988,2019-12-10 00:22:23,85bc9f34-1acf-11ea-b282-b827ebbb6c40|weakest_link_experiment,0,1,1,110,68d1b3fe-1ad5-11ea-b282-b827ebbb6c40,Getter_Random3-Test.png,2,0.02388143539428711,0.0000095367431640625,0.023871898651123047,128,e53412b8230341cd82493b77fa0e7d21
52,68d1b3fe-1ad5-11ea-b282-b827ebbb6c40,1.7428581714630127,1.5141339302062988,2019-12-10 00:22:23,85bc9f34-1acf-11ea-b282-b827ebbb6c40|weakest_link_experiment,0,1,1,111,68d1b3fe-1ad5-11ea-b282-b827ebbb6c40,Feed-Generator,3,1.7428581714630127,1.0340356826782227,0.70882248878479,128,87577e413e3f48f8b3a4d301daa4a13d
53,6985b4e4-1ad5-11ea-b282-b827ebbb6c40,1.1760601997375488,1.097510814666748,2019-12-10 00:22:28,85bc9f34-1acf-11ea-b282-b827ebbb6c40|weakest_link_experiment,0,1,1,112,6985b4e4-1ad5-11ea-b282-b827ebbb6c40,Getter_list,2,0.05330514907836914,0.024117231369018555,0.029187917709350586,128,e53412b8230341cd82493b77fa0e7d21
53,6985b4e4-1ad5-11ea-b282-b827ebbb6c40,1.1760601997375488,1.097510814666748,2019-12-10 00:22:28,85bc9f34-1acf-11ea-b282-b827ebbb6c40|weakest_link_experiment,0,1,1,113,6985b4e4-1ad5-11ea-b282-b827ebbb6c40,Getter_Random3-Test.png,2,0.041101932525634766,0.000010251998901367188,0.0410916805267334,128,e53412b8230341cd82493b77fa0e7d21
53,6985b4e4-1ad5-11ea-b282-b827ebbb6c40,1.1760601997375488,1.097510814666748,2019-12-10 00:22:28,85bc9f34-1acf-11ea-b282-b827ebbb6c40|weakest_link_experiment,0,1,1,114,6985b4e4-1ad5-11ea-b282-b827ebbb6c40,Feed-Generator,3,0.35289692878723145,0.09467959403991699,0.25821733474731445,128,87577e413e3f48f8b3a4d301daa4a13d
53,6985b4e4-1ad5-11ea-b282-b827ebbb6c40,1.1760601997375488,1.097510814666748,2019-12-10 00:22:28,85bc9f34-1acf-11ea-b282-b827ebbb6c40|weakest_link_experiment,0,1,1,115,6985b4e4-1ad5-11ea-b282-b827ebbb6c40,Feed-WebView,4,1.1760601997375488,0.4070463180541992,0.7690138816833496,128,a977b27a0fca4aedbe39e7602802f2f7
54,5f481128-1ad7-11ea-b282-b827ebbb6c40,1.7336606979370117,1.452768087387085,2019-12-10 00:22:28,85bc9f34-1acf-11ea-b282-b827ebbb6c40|weakest_link_experiment,0,1,1,116,5f481128-1ad7-11ea-b282-b827ebbb6c40,Getter_list,2,0.9984633922576904,0.28048014640808105,0.7179832458496094,128,d055908d053b4135bb51d0e9d4af10b9
54,5f481128-1ad7-11ea-b282-b827ebbb6c40,1.7336606979370117,1.452768087387085,2019-12-10 00:22:28,85bc9f34-1acf-11ea-b282-b827ebbb6c40|weakest_link_experiment,0,1,1,117,5f481128-1ad7-11ea-b282-b827ebbb6c40,Getter_Random3-Test.png,2,0.037941694259643555,0.0000171661376953125,0.03792452812194824,128,d055908d053b4135bb51d0e9d4af10b9
54,5f481128-1ad7-11ea-b282-b827ebbb6c40,1.7336606979370117,1.452768087387085,2019-12-10 00:22:28,85bc9f34-1acf-11ea-b282-b827ebbb6c40|weakest_link_experiment,0,1,1,118,5f481128-1ad7-11ea-b282-b827ebbb6c40,Feed-Generator,3,1.7336606979370117,1.0368003845214844,0.6968603134155273,128,b29d542b9b47441791f860f842e5066f
55,5504126e-1ad9-11ea-b282-b827ebbb6c40,1.7541539669036865,1.5225071907043457,2019-12-10 00:22:28,85bc9f34-1acf-11ea-b282-b827ebbb6c40|weakest_link_experiment,0,1,1,119,5504126e-1ad9-11ea-b282-b827ebbb6c40,Getter_list,2,0.9928209781646729,0.23128151893615723,0.7615394592285156,128,2705a338fb354c8087057bc541c7233d
55,5504126e-1ad9-11ea-b282-b827ebbb6c40,1.7541539669036865,1.5225071907043457,2019-12-10 00:22:28,85bc9f34-1acf-11ea-b282-b827ebbb6c40|weakest_link_experiment,0,1,1,120,5504126e-1ad9-11ea-b282-b827ebbb6c40,Getter_Random3-Test.png,2,0.04114031791687012,0.000011444091796875,0.04112887382507324,128,2705a338fb354c8087057bc541c7233d
55,5504126e-1ad9-11ea-b282-b827ebbb6c40,1.7541539669036865,1.5225071907043457,2019-12-10 00:22:28,85bc9f34-1acf-11ea-b282-b827ebbb6c40|weakest_link_experiment,0,1,1,121,5504126e-1ad9-11ea-b282-b827ebbb6c40,Feed-Generator,3,1.7541539669036865,1.0343151092529297,0.7198388576507568,128,f0b3c3b32a03419c95338be87ea0bf29
56,55ae94fa-1ad9-11ea-b282-b827ebbb6c40,1.113776445388794,1.0177381038665771,2019-12-10 00:22:28,85bc9f34-1acf-11ea-b282-b827ebbb6c40|weakest_link_experiment,0,1,1,122,55ae94fa-1ad9-11ea-b282-b827ebbb6c40,Getter_list,2,0.04935908317565918,0.029312610626220703,0.020046472549438477,128,2705a338fb354c8087057bc541c7233d
56,55ae94fa-1ad9-11ea-b282-b827ebbb6c40,1.113776445388794,1.0177381038665771,2019-12-10 00:22:28,85bc9f34-1acf-11ea-b282-b827ebbb6c40|weakest_link_experiment,0,1,1,123,55ae94fa-1ad9-11ea-b282-b827ebbb6c40,Getter_Random3-Test.png,2,0.0334165096282959,0.000010251998901367188,0.03340625762939453,128,2705a338fb354c8087057bc541c7233d
56,55ae94fa-1ad9-11ea-b282-b827ebbb6c40,1.113776445388794,1.0177381038665771,2019-12-10 00:22:28,85bc9f34-1acf-11ea-b282-b827ebbb6c40|weakest_link_experiment,0,1,1,124,55ae94fa-1ad9-11ea-b282-b827ebbb6c40,Feed-Generator,3,0.33771514892578125,0.08305096626281738,0.25466418266296387,128,f0b3c3b32a03419c95338be87ea0bf29
56,55ae94fa-1ad9-11ea-b282-b827ebbb6c40,1.113776445388794,1.0177381038665771,2019-12-10 00:22:28,85bc9f34-1acf-11ea-b282-b827ebbb6c40|weakest_link_experiment,0,1,1,125,55ae94fa-1ad9-11ea-b282-b827ebbb6c40,Feed-WebView,4,1.113776445388794,0.40415525436401367,0.7096211910247803,128,dc5622235bbd44779becc0d07b0073a2
57,4b76a44e-1adb-11ea-b282-b827ebbb6c40,1.7455635070800781,1.5107216835021973,2019-12-10 00:22:28,85bc9f34-1acf-11ea-b282-b827ebbb6c40|weakest_link_experiment,0,1,1,126,4b76a44e-1adb-11ea-b282-b827ebbb6c40,Getter_list,2,1.0152873992919922,0.23443818092346191,0.7808492183685303,128,07106009c83a43e8b3bc279bf6b65b67
57,4b76a44e-1adb-11ea-b282-b827ebbb6c40,1.7455635070800781,1.5107216835021973,2019-12-10 00:22:28,85bc9f34-1acf-11ea-b282-b827ebbb6c40|weakest_link_experiment,0,1,1,127,4b76a44e-1adb-11ea-b282-b827ebbb6c40,Getter_Random3-Test.png,2,0.04809284210205078,0.000021457672119140625,0.04807138442993164,128,07106009c83a43e8b3bc279bf6b65b67
57,4b76a44e-1adb-11ea-b282-b827ebbb6c40,1.7455635070800781,1.5107216835021973,2019-12-10 00:22:28,85bc9f34-1acf-11ea-b282-b827ebbb6c40|weakest_link_experiment,0,1,1,128,4b76a44e-1adb-11ea-b282-b827ebbb6c40,Feed-Generator,3,1.7455635070800781,1.0637624263763428,0.6818010807037354,128,53224b05d0eb403c86c221a9a1323ffc
58,412dea2c-1add-11ea-b282-b827ebbb6c40,1.7159528732299805,1.443176507949829,2019-12-10 00:22:28,85bc9f34-1acf-11ea-b282-b827ebbb6c40|weakest_link_experiment,0,1,1,129,412dea2c-1add-11ea-b282-b827ebbb6c40,Getter_list,2,0.99601149559021,0.27245664596557617,0.7235548496246338,128,ba85f7bdb18f42d79ae06cdaa2150363
58,412dea2c-1add-11ea-b282-b827ebbb6c40,1.7159528732299805,1.443176507949829,2019-12-10 00:22:28,85bc9f34-1acf-11ea-b282-b827ebbb6c40|weakest_link_experiment,0,1,1,130,412dea2c-1add-11ea-b282-b827ebbb6c40,Getter_Random3-Test.png,2,0.024298667907714844,0.000015735626220703125,0.02428293228149414,128,ba85f7bdb18f42d79ae06cdaa2150363
58,412dea2c-1add-11ea-b282-b827ebbb6c40,1.7159528732299805,1.443176507949829,2019-12-10 00:22:28,85bc9f34-1acf-11ea-b282-b827ebbb6c40|weakest_link_experiment,0,1,1,131,412dea2c-1add-11ea-b282-b827ebbb6c40,Feed-Generator,3,1.7159528732299805,1.0206141471862793,0.6953387260437012,128,591a3c445ac74e7891135beacf164b23
59,41df5c4e-1add-11ea-b282-b827ebbb6c40,1.1608216762542725,1.0526282787322998,2019-12-10 00:22:28,85bc9f34-1acf-11ea-b282-b827ebbb6c40|weakest_link_experiment,0,1,1,132,41df5c4e-1add-11ea-b282-b827ebbb6c40,Getter_list,2,0.046662092208862305,0.0291287899017334,0.017533302307128906,128,ba85f7bdb18f42d79ae06cdaa2150363
59,41df5c4e-1add-11ea-b282-b827ebbb6c40,1.1608216762542725,1.0526282787322998,2019-12-10 00:22:28,85bc9f34-1acf-11ea-b282-b827ebbb6c40|weakest_link_experiment,0,1,1,133,41df5c4e-1add-11ea-b282-b827ebbb6c40,Getter_Random3-Test.png,2,0.0378875732421875,0.000010728836059570312,0.03787684440612793,128,ba85f7bdb18f42d79ae06cdaa2150363
59,41df5c4e-1add-11ea-b282-b827ebbb6c40,1.1608216762542725,1.0526282787322998,2019-12-10 00:22:28,85bc9f34-1acf-11ea-b282-b827ebbb6c40|weakest_link_experiment,0,1,1,134,41df5c4e-1add-11ea-b282-b827ebbb6c40,Feed-Generator,3,0.3447990417480469,0.08482742309570312,0.25997161865234375,128,591a3c445ac74e7891135beacf164b23
59,41df5c4e-1add-11ea-b282-b827ebbb6c40,1.1608216762542725,1.0526282787322998,2019-12-10 00:22:28,85bc9f34-1acf-11ea-b282-b827ebbb6c40|weakest_link_experiment,0,1,1,135,41df5c4e-1add-11ea-b282-b827ebbb6c40,Feed-WebView,4,1.1608216762542725,0.42357516288757324,0.7372465133666992,128,0eaa366e6257437e9908700e3f79920c
60,37956a06-1adf-11ea-b282-b827ebbb6c40,1.715409517288208,1.4729690551757812,2019-12-10 00:22:28,85bc9f34-1acf-11ea-b282-b827ebbb6c40|weakest_link_experiment,0,1,1,136,37956a06-1adf-11ea-b282-b827ebbb6c40,Getter_list,2,0.9992496967315674,0.24210762977600098,0.7571420669555664,128,b34148113de24901a530183156902497
60,37956a06-1adf-11ea-b282-b827ebbb6c40,1.715409517288208,1.4729690551757812,2019-12-10 00:22:28,85bc9f34-1acf-11ea-b282-b827ebbb6c40|weakest_link_experiment,0,1,1,137,37956a06-1adf-11ea-b282-b827ebbb6c40,Getter_Random3-Test.png,2,0.036411285400390625,0.000029802322387695312,0.03638148307800293,128,b34148113de24901a530183156902497
60,37956a06-1adf-11ea-b282-b827ebbb6c40,1.715409517288208,1.4729690551757812,2019-12-10 00:22:28,85bc9f34-1acf-11ea-b282-b827ebbb6c40|weakest_link_experiment,0,1,1,138,37956a06-1adf-11ea-b282-b827ebbb6c40,Feed-Generator,3,1.715409517288208,1.035964012145996,0.6794455051422119,128,5641d9ee30cd470fab459a704d4e575c
61,2d5d69f6-1ae1-11ea-b282-b827ebbb6c40,1.7467005252838135,1.5273034572601318,2019-12-10 00:22:28,85bc9f34-1acf-11ea-b282-b827ebbb6c40|weakest_link_experiment,0,1,1,139,2d5d69f6-1ae1-11ea-b282-b827ebbb6c40,Getter_list,2,0.991572380065918,0.2190713882446289,0.7725009918212891,128,2530c892f20541c5b13700aefdd36e6a
61,2d5d69f6-1ae1-11ea-b282-b827ebbb6c40,1.7467005252838135,1.5273034572601318,2019-12-10 00:22:28,85bc9f34-1acf-11ea-b282-b827ebbb6c40|weakest_link_experiment,0,1,1,140,2d5d69f6-1ae1-11ea-b282-b827ebbb6c40,Getter_Random3-Test.png,2,0.029037952423095703,0.000018596649169921875,0.02901935577392578,128,2530c892f20541c5b13700aefdd36e6a
61,2d5d69f6-1ae1-11ea-b282-b827ebbb6c40,1.7467005252838135,1.5273034572601318,2019-12-10 00:22:28,85bc9f34-1acf-11ea-b282-b827ebbb6c40|weakest_link_experiment,0,1,1,141,2d5d69f6-1ae1-11ea-b282-b827ebbb6c40,Feed-Generator,3,1.7467005252838135,1.0209174156188965,0.725783109664917,128,24c19b2bd61348d3bd20a05e77b3e54a
62,2e2d094a-1ae1-11ea-b282-b827ebbb6c40,1.3570127487182617,1.2577307224273682,2019-12-10 00:22:29,85bc9f34-1acf-11ea-b282-b827ebbb6c40|weakest_link_experiment,0,1,1,142,2e2d094a-1ae1-11ea-b282-b827ebbb6c40,Getter_list,2,0.03950357437133789,0.02306199073791504,0.01644158363342285,128,2530c892f20541c5b13700aefdd36e6a
62,2e2d094a-1ae1-11ea-b282-b827ebbb6c40,1.3570127487182617,1.2577307224273682,2019-12-10 00:22:29,85bc9f34-1acf-11ea-b282-b827ebbb6c40|weakest_link_experiment,0,1,1,143,2e2d094a-1ae1-11ea-b282-b827ebbb6c40,Getter_Random3-Test.png,2,0.037589073181152344,0.000011205673217773438,0.03757786750793457,128,2530c892f20541c5b13700aefdd36e6a
62,2e2d094a-1ae1-11ea-b282-b827ebbb6c40,1.3570127487182617,1.2577307224273682,2019-12-10 00:22:29,85bc9f34-1acf-11ea-b282-b827ebbb6c40|weakest_link_experiment,0,1,1,144,2e2d094a-1ae1-11ea-b282-b827ebbb6c40,Feed-Generator,3,0.35202527046203613,0.07739496231079102,0.2746303081512451,128,24c19b2bd61348d3bd20a05e77b3e54a
62,2e2d094a-1ae1-11ea-b282-b827ebbb6c40,1.3570127487182617,1.2577307224273682,2019-12-10 00:22:29,85bc9f34-1acf-11ea-b282-b827ebbb6c40|weakest_link_experiment,0,1,1,145,2e2d094a-1ae1-11ea-b282-b827ebbb6c40,Feed-WebView,4,1.3570127487182617,0.4279317855834961,0.9290809631347656,128,4915f6266f6d43dcbff94d751de5a144
63,875dee02-1b32-11ea-811c-b827ebbb6c40,1.794771432876587,1.5074474811553955,2019-12-10 12:11:04,864ba95a-1b32-11ea-811c-b827ebbb6c40|weakest_link_experiment,0,1,1,146,875dee02-1b32-11ea-811c-b827ebbb6c40,Getter_list,2,1.059450626373291,0.2869997024536133,0.7724509239196777,128,595c5e76ffe245caaff31cc66539632b
63,875dee02-1b32-11ea-811c-b827ebbb6c40,1.794771432876587,1.5074474811553955,2019-12-10 12:11:04,864ba95a-1b32-11ea-811c-b827ebbb6c40|weakest_link_experiment,0,1,1,147,875dee02-1b32-11ea-811c-b827ebbb6c40,Getter_Random3-Test.png,2,0.03221487998962402,0.00001049041748046875,0.032204389572143555,128,595c5e76ffe245caaff31cc66539632b
63,875dee02-1b32-11ea-811c-b827ebbb6c40,1.794771432876587,1.5074474811553955,2019-12-10 12:11:04,864ba95a-1b32-11ea-811c-b827ebbb6c40|weakest_link_experiment,0,1,1,148,875dee02-1b32-11ea-811c-b827ebbb6c40,Feed-Generator,3,1.794771432876587,1.0919792652130127,0.7027921676635742,128,c177f678feb14a1fa7c9c954c5ef9aa5
64,7d335f1e-1b34-11ea-811c-b827ebbb6c40,1.8601596355438232,1.4897387027740479,2019-12-10 12:11:04,864ba95a-1b32-11ea-811c-b827ebbb6c40|weakest_link_experiment,0,1,1,149,7d335f1e-1b34-11ea-811c-b827ebbb6c40,Getter_list,2,1.1417346000671387,0.3700711727142334,0.7716634273529053,128,621c3a54423943c7b5ce6213e8cab7d8
64,7d335f1e-1b34-11ea-811c-b827ebbb6c40,1.8601596355438232,1.4897387027740479,2019-12-10 12:11:04,864ba95a-1b32-11ea-811c-b827ebbb6c40|weakest_link_experiment,0,1,1,150,7d335f1e-1b34-11ea-811c-b827ebbb6c40,Getter_Random3-Test.png,2,0.03141474723815918,0.000020742416381835938,0.031394004821777344,128,621c3a54423943c7b5ce6213e8cab7d8
64,7d335f1e-1b34-11ea-811c-b827ebbb6c40,1.8601596355438232,1.4897387027740479,2019-12-10 12:11:04,864ba95a-1b32-11ea-811c-b827ebbb6c40|weakest_link_experiment,0,1,1,151,7d335f1e-1b34-11ea-811c-b827ebbb6c40,Feed-Generator,3,1.8601596355438232,1.173478364944458,0.6866812705993652,128,f3aae43cfb194466925c5a02d43b825f
65,7de18f6c-1b34-11ea-811c-b827ebbb6c40,1.1379551887512207,1.0416440963745117,2019-12-10 12:11:04,864ba95a-1b32-11ea-811c-b827ebbb6c40|weakest_link_experiment,0,1,1,152,7de18f6c-1b34-11ea-811c-b827ebbb6c40,Getter_list,2,0.03660845756530762,0.017701148986816406,0.01890730857849121,128,621c3a54423943c7b5ce6213e8cab7d8
65,7de18f6c-1b34-11ea-811c-b827ebbb6c40,1.1379551887512207,1.0416440963745117,2019-12-10 12:11:04,864ba95a-1b32-11ea-811c-b827ebbb6c40|weakest_link_experiment,0,1,1,153,7de18f6c-1b34-11ea-811c-b827ebbb6c40,Getter_Random3-Test.png,2,0.031767845153808594,0.000011920928955078125,0.031755924224853516,128,621c3a54423943c7b5ce6213e8cab7d8
65,7de18f6c-1b34-11ea-811c-b827ebbb6c40,1.1379551887512207,1.0416440963745117,2019-12-10 12:11:04,864ba95a-1b32-11ea-811c-b827ebbb6c40|weakest_link_experiment,0,1,1,154,7de18f6c-1b34-11ea-811c-b827ebbb6c40,Feed-Generator,3,0.33789777755737305,0.06865215301513672,0.26924562454223633,128,f3aae43cfb194466925c5a02d43b825f
65,7de18f6c-1b34-11ea-811c-b827ebbb6c40,1.1379551887512207,1.0416440963745117,2019-12-10 12:11:04,864ba95a-1b32-11ea-811c-b827ebbb6c40|weakest_link_experiment,0,1,1,155,7de18f6c-1b34-11ea-811c-b827ebbb6c40,Feed-WebView,4,1.1379551887512207,0.41621994972229004,0.7217352390289307,128,5387d96f258a481da5803606c88d56ea
66,73a8af92-1b36-11ea-811c-b827ebbb6c40,1.7729771137237549,1.5036656856536865,2019-12-10 12:11:04,864ba95a-1b32-11ea-811c-b827ebbb6c40|weakest_link_experiment,0,1,1,156,73a8af92-1b36-11ea-811c-b827ebbb6c40,Getter_list,2,1.017662763595581,0.26479005813598633,0.7528727054595947,128,544c3250452b4f9a9341c2474b58b3bd
66,73a8af92-1b36-11ea-811c-b827ebbb6c40,1.7729771137237549,1.5036656856536865,2019-12-10 12:11:04,864ba95a-1b32-11ea-811c-b827ebbb6c40|weakest_link_experiment,0,1,1,157,73a8af92-1b36-11ea-811c-b827ebbb6c40,Getter_Random3-Test.png,2,0.020776033401489258,0.000019788742065429688,0.020756244659423828,128,544c3250452b4f9a9341c2474b58b3bd
66,73a8af92-1b36-11ea-811c-b827ebbb6c40,1.7729771137237549,1.5036656856536865,2019-12-10 12:11:04,864ba95a-1b32-11ea-811c-b827ebbb6c40|weakest_link_experiment,0,1,1,158,73a8af92-1b36-11ea-811c-b827ebbb6c40,Feed-Generator,3,1.7729771137237549,1.042940378189087,0.730036735534668,128,cc989a3137664a34939fed56326b2030
67,69636174-1b38-11ea-811c-b827ebbb6c40,1.6595470905303955,1.4329116344451904,2019-12-10 12:11:04,864ba95a-1b32-11ea-811c-b827ebbb6c40|weakest_link_experiment,0,1,1,159,69636174-1b38-11ea-811c-b827ebbb6c40,Getter_list,2,0.9407796859741211,0.22630858421325684,0.7144711017608643,128,f197c7a4c76a41d297ab12da4cadd22a
67,69636174-1b38-11ea-811c-b827ebbb6c40,1.6595470905303955,1.4329116344451904,2019-12-10 12:11:04,864ba95a-1b32-11ea-811c-b827ebbb6c40|weakest_link_experiment,0,1,1,160,69636174-1b38-11ea-811c-b827ebbb6c40,Getter_Random3-Test.png,2,0.03637528419494629,0.000019311904907226562,0.03635597229003906,128,f197c7a4c76a41d297ab12da4cadd22a
67,69636174-1b38-11ea-811c-b827ebbb6c40,1.6595470905303955,1.4329116344451904,2019-12-10 12:11:04,864ba95a-1b32-11ea-811c-b827ebbb6c40|weakest_link_experiment,0,1,1,161,69636174-1b38-11ea-811c-b827ebbb6c40,Feed-Generator,3,1.6595470905303955,0.9774625301361084,0.6820845603942871,128,f5e04ccdec6f461d9c3bfc420ac8cec3
68,6a196c44-1b38-11ea-811c-b827ebbb6c40,1.1892309188842773,1.1079857349395752,2019-12-10 12:11:05,864ba95a-1b32-11ea-811c-b827ebbb6c40|weakest_link_experiment,0,1,1,162,6a196c44-1b38-11ea-811c-b827ebbb6c40,Getter_list,2,0.06332135200500488,0.046721696853637695,0.016599655151367188,128,f197c7a4c76a41d297ab12da4cadd22a
68,6a196c44-1b38-11ea-811c-b827ebbb6c40,1.1892309188842773,1.1079857349395752,2019-12-10 12:11:05,864ba95a-1b32-11ea-811c-b827ebbb6c40|weakest_link_experiment,0,1,1,163,6a196c44-1b38-11ea-811c-b827ebbb6c40,Getter_Random3-Test.png,2,0.036824703216552734,0.000011920928955078125,0.036812782287597656,128,f197c7a4c76a41d297ab12da4cadd22a
68,6a196c44-1b38-11ea-811c-b827ebbb6c40,1.1892309188842773,1.1079857349395752,2019-12-10 12:11:05,864ba95a-1b32-11ea-811c-b827ebbb6c40|weakest_link_experiment,0,1,1,164,6a196c44-1b38-11ea-811c-b827ebbb6c40,Feed-Generator,3,0.3651120662689209,0.10044240951538086,0.26466965675354004,128,f5e04ccdec6f461d9c3bfc420ac8cec3
68,6a196c44-1b38-11ea-811c-b827ebbb6c40,1.1892309188842773,1.1079857349395752,2019-12-10 12:11:05,864ba95a-1b32-11ea-811c-b827ebbb6c40|weakest_link_experiment,0,1,1,165,6a196c44-1b38-11ea-811c-b827ebbb6c40,Feed-WebView,4,1.1892309188842773,0.39932727813720703,0.7899036407470703,128,3cf6d765a86c4e7a92283bc7f586b0ca
69,5fd5b79a-1b3a-11ea-811c-b827ebbb6c40,1.707991361618042,1.4725658893585205,2019-12-10 12:11:10,864ba95a-1b32-11ea-811c-b827ebbb6c40|weakest_link_experiment,0,1,1,166,5fd5b79a-1b3a-11ea-811c-b827ebbb6c40,Getter_list,2,0.9917559623718262,0.23508548736572266,0.7566704750061035,128,ea4e2fbe932649028c8ca59c727786f8
69,5fd5b79a-1b3a-11ea-811c-b827ebbb6c40,1.707991361618042,1.4725658893585205,2019-12-10 12:11:10,864ba95a-1b32-11ea-811c-b827ebbb6c40|weakest_link_experiment,0,1,1,167,5fd5b79a-1b3a-11ea-811c-b827ebbb6c40,Getter_Random3-Test.png,2,0.039041757583618164,0.00003910064697265625,0.03900265693664551,128,ea4e2fbe932649028c8ca59c727786f8
69,5fd5b79a-1b3a-11ea-811c-b827ebbb6c40,1.707991361618042,1.4725658893585205,2019-12-10 12:11:10,864ba95a-1b32-11ea-811c-b827ebbb6c40|weakest_link_experiment,0,1,1,168,5fd5b79a-1b3a-11ea-811c-b827ebbb6c40,Feed-Generator,3,1.707991361618042,1.0310986042022705,0.6768927574157715,128,2cbebf3242894731b4a41b41934e57c8
70,55a1b722-1b3c-11ea-811c-b827ebbb6c40,1.771700143814087,1.5208055973052979,2019-12-10 12:11:10,864ba95a-1b32-11ea-811c-b827ebbb6c40|weakest_link_experiment,0,1,1,169,55a1b722-1b3c-11ea-811c-b827ebbb6c40,Getter_list,2,1.0068883895874023,0.25041794776916504,0.7564704418182373,128,51f08e499ff04b49bcc10af2154bbab9
70,55a1b722-1b3c-11ea-811c-b827ebbb6c40,1.771700143814087,1.5208055973052979,2019-12-10 12:11:10,864ba95a-1b32-11ea-811c-b827ebbb6c40|weakest_link_experiment,0,1,1,170,55a1b722-1b3c-11ea-811c-b827ebbb6c40,Getter_Random3-Test.png,2,0.05283474922180176,0.000020265579223632812,0.052814483642578125,128,51f08e499ff04b49bcc10af2154bbab9
70,55a1b722-1b3c-11ea-811c-b827ebbb6c40,1.771700143814087,1.5208055973052979,2019-12-10 12:11:10,864ba95a-1b32-11ea-811c-b827ebbb6c40|weakest_link_experiment,0,1,1,171,55a1b722-1b3c-11ea-811c-b827ebbb6c40,Feed-Generator,3,1.771700143814087,1.0601794719696045,0.7115206718444824,128,7aacf32c4d754f4b839c09043b669833
71,56531436-1b3c-11ea-811c-b827ebbb6c40,1.1587014198303223,1.0982866287231445,2019-12-10 12:11:10,864ba95a-1b32-11ea-811c-b827ebbb6c40|weakest_link_experiment,0,1,1,172,56531436-1b3c-11ea-811c-b827ebbb6c40,Getter_list,2,0.03873133659362793,0.022011518478393555,0.016719818115234375,128,51f08e499ff04b49bcc10af2154bbab9
71,56531436-1b3c-11ea-811c-b827ebbb6c40,1.1587014198303223,1.0982866287231445,2019-12-10 12:11:10,864ba95a-1b32-11ea-811c-b827ebbb6c40|weakest_link_experiment,0,1,1,173,56531436-1b3c-11ea-811c-b827ebbb6c40,Getter_Random3-Test.png,2,0.053939104080200195,0.000010967254638671875,0.05392813682556152,128,51f08e499ff04b49bcc10af2154bbab9
71,56531436-1b3c-11ea-811c-b827ebbb6c40,1.1587014198303223,1.0982866287231445,2019-12-10 12:11:10,864ba95a-1b32-11ea-811c-b827ebbb6c40|weakest_link_experiment,0,1,1,174,56531436-1b3c-11ea-811c-b827ebbb6c40,Feed-Generator,3,0.35590529441833496,0.09296441078186035,0.2629408836364746,128,7aacf32c4d754f4b839c09043b669833
71,56531436-1b3c-11ea-811c-b827ebbb6c40,1.1587014198303223,1.0982866287231445,2019-12-10 12:11:10,864ba95a-1b32-11ea-811c-b827ebbb6c40|weakest_link_experiment,0,1,1,175,56531436-1b3c-11ea-811c-b827ebbb6c40,Feed-WebView,4,1.1587014198303223,0.39400362968444824,0.764697790145874,128,0a3b3df643604c7384813867c3103c7c
72,4c120426-1b3e-11ea-811c-b827ebbb6c40,1.7058026790618896,1.4248530864715576,2019-12-10 12:11:10,864ba95a-1b32-11ea-811c-b827ebbb6c40|weakest_link_experiment,0,1,1,176,4c120426-1b3e-11ea-811c-b827ebbb6c40,Getter_list,2,0.9903404712677002,0.27646398544311523,0.713876485824585,128,b815958d72f14f6d9cd5b3cfa0a534e7
72,4c120426-1b3e-11ea-811c-b827ebbb6c40,1.7058026790618896,1.4248530864715576,2019-12-10 12:11:10,864ba95a-1b32-11ea-811c-b827ebbb6c40|weakest_link_experiment,0,1,1,177,4c120426-1b3e-11ea-811c-b827ebbb6c40,Getter_Random3-Test.png,2,0.04960894584655762,0.000017881393432617188,0.049591064453125,128,b815958d72f14f6d9cd5b3cfa0a534e7
72,4c120426-1b3e-11ea-811c-b827ebbb6c40,1.7058026790618896,1.4248530864715576,2019-12-10 12:11:10,864ba95a-1b32-11ea-811c-b827ebbb6c40|weakest_link_experiment,0,1,1,178,4c120426-1b3e-11ea-811c-b827ebbb6c40,Feed-Generator,3,1.7058026790618896,1.044417142868042,0.6613855361938477,128,a93aeb0f461c42b08103bbdba780f1d4
73,41d87a7e-1b40-11ea-811c-b827ebbb6c40,1.7354016304016113,1.4821841716766357,2019-12-10 12:11:10,864ba95a-1b32-11ea-811c-b827ebbb6c40|weakest_link_experiment,0,1,1,179,41d87a7e-1b40-11ea-811c-b827ebbb6c40,Getter_list,2,0.9973890781402588,0.2528722286224365,0.7445168495178223,128,61a38dcbe5e6446494b961edabe7d1d2
73,41d87a7e-1b40-11ea-811c-b827ebbb6c40,1.7354016304016113,1.4821841716766357,2019-12-10 12:11:10,864ba95a-1b32-11ea-811c-b827ebbb6c40|weakest_link_experiment,0,1,1,180,41d87a7e-1b40-11ea-811c-b827ebbb6c40,Getter_Random3-Test.png,2,0.04106903076171875,0.00003075599670410156,0.04103827476501465,128,61a38dcbe5e6446494b961edabe7d1d2
73,41d87a7e-1b40-11ea-811c-b827ebbb6c40,1.7354016304016113,1.4821841716766357,2019-12-10 12:11:10,864ba95a-1b32-11ea-811c-b827ebbb6c40|weakest_link_experiment,0,1,1,181,41d87a7e-1b40-11ea-811c-b827ebbb6c40,Feed-Generator,3,1.7354016304016113,1.0387725830078125,0.6966290473937988,128,6c0fb912f8d045b9bfe62d4879d3e080
74,4289fae2-1b40-11ea-811c-b827ebbb6c40,1.1607203483581543,1.057008981704712,2019-12-10 12:11:10,864ba95a-1b32-11ea-811c-b827ebbb6c40|weakest_link_experiment,0,1,1,182,4289fae2-1b40-11ea-811c-b827ebbb6c40,Getter_list,2,0.0635533332824707,0.029172420501708984,0.03438091278076172,128,61a38dcbe5e6446494b961edabe7d1d2
74,4289fae2-1b40-11ea-811c-b827ebbb6c40,1.1607203483581543,1.057008981704712,2019-12-10 12:11:10,864ba95a-1b32-11ea-811c-b827ebbb6c40|weakest_link_experiment,0,1,1,183,4289fae2-1b40-11ea-811c-b827ebbb6c40,Getter_Random3-Test.png,2,0.03730154037475586,0.00001049041748046875,0.03729104995727539,128,61a38dcbe5e6446494b961edabe7d1d2
74,4289fae2-1b40-11ea-811c-b827ebbb6c40,1.1607203483581543,1.057008981704712,2019-12-10 12:11:10,864ba95a-1b32-11ea-811c-b827ebbb6c40|weakest_link_experiment,0,1,1,184,4289fae2-1b40-11ea-811c-b827ebbb6c40,Feed-Generator,3,0.378368616104126,0.10113000869750977,0.2772386074066162,128,6c0fb912f8d045b9bfe62d4879d3e080
74,4289fae2-1b40-11ea-811c-b827ebbb6c40,1.1607203483581543,1.057008981704712,2019-12-10 12:11:10,864ba95a-1b32-11ea-811c-b827ebbb6c40|weakest_link_experiment,0,1,1,185,4289fae2-1b40-11ea-811c-b827ebbb6c40,Feed-WebView,4,1.1607203483581543,0.4526219367980957,0.7080984115600586,128,e5341d720b384237923b3074c93c21ce
75,3855ae02-1b42-11ea-811c-b827ebbb6c40,1.7694106101989746,1.5025718212127686,2019-12-10 12:11:10,864ba95a-1b32-11ea-811c-b827ebbb6c40|weakest_link_experiment,0,1,1,186,3855ae02-1b42-11ea-811c-b827ebbb6c40,Getter_list,2,1.0248863697052002,0.2664639949798584,0.7584223747253418,128,9e701ae6e9f047be8c9080a0833aa176
75,3855ae02-1b42-11ea-811c-b827ebbb6c40,1.7694106101989746,1.5025718212127686,2019-12-10 12:11:10,864ba95a-1b32-11ea-811c-b827ebbb6c40|weakest_link_experiment,0,1,1,187,3855ae02-1b42-11ea-811c-b827ebbb6c40,Getter_Random3-Test.png,2,0.04775667190551758,0.000035762786865234375,0.047720909118652344,128,9e701ae6e9f047be8c9080a0833aa176
75,3855ae02-1b42-11ea-811c-b827ebbb6c40,1.7694106101989746,1.5025718212127686,2019-12-10 12:11:10,864ba95a-1b32-11ea-811c-b827ebbb6c40|weakest_link_experiment,0,1,1,188,3855ae02-1b42-11ea-811c-b827ebbb6c40,Feed-Generator,3,1.7694106101989746,1.0729820728302002,0.6964285373687744,128,88f23031e0994a29ae55b28b1f1d291d
76,2e209de6-1b44-11ea-811c-b827ebbb6c40,1.7658042907714844,1.5277185440063477,2019-12-10 12:11:10,864ba95a-1b32-11ea-811c-b827ebbb6c40|weakest_link_experiment,0,1,1,189,2e209de6-1b44-11ea-811c-b827ebbb6c40,Getter_list,2,1.0178930759429932,0.23770451545715332,0.7801885604858398,128,dfc924765785447ea75ea3683069807c
76,2e209de6-1b44-11ea-811c-b827ebbb6c40,1.7658042907714844,1.5277185440063477,2019-12-10 12:11:10,864ba95a-1b32-11ea-811c-b827ebbb6c40|weakest_link_experiment,0,1,1,190,2e209de6-1b44-11ea-811c-b827ebbb6c40,Getter_Random3-Test.png,2,0.041002511978149414,0.000021219253540039062,0.040981292724609375,128,dfc924765785447ea75ea3683069807c
76,2e209de6-1b44-11ea-811c-b827ebbb6c40,1.7658042907714844,1.5277185440063477,2019-12-10 12:11:10,864ba95a-1b32-11ea-811c-b827ebbb6c40|weakest_link_experiment,0,1,1,191,2e209de6-1b44-11ea-811c-b827ebbb6c40,Feed-Generator,3,1.7658042907714844,1.059255599975586,0.7065486907958984,128,11e225f692e74173871d315082ae83ab
77,2ece7ce0-1b44-11ea-811c-b827ebbb6c40,1.1373677253723145,1.0391888618469238,2019-12-10 12:11:10,864ba95a-1b32-11ea-811c-b827ebbb6c40|weakest_link_experiment,0,1,1,192,2ece7ce0-1b44-11ea-811c-b827ebbb6c40,Getter_list,2,0.060097455978393555,0.03535008430480957,0.024747371673583984,128,dfc924765785447ea75ea3683069807c
77,2ece7ce0-1b44-11ea-811c-b827ebbb6c40,1.1373677253723145,1.0391888618469238,2019-12-10 12:11:10,864ba95a-1b32-11ea-811c-b827ebbb6c40|weakest_link_experiment,0,1,1,193,2ece7ce0-1b44-11ea-811c-b827ebbb6c40,Getter_Random3-Test.png,2,0.04408597946166992,0.000010967254638671875,0.04407501220703125,128,dfc924765785447ea75ea3683069807c
77,2ece7ce0-1b44-11ea-811c-b827ebbb6c40,1.1373677253723145,1.0391888618469238,2019-12-10 12:11:10,864ba95a-1b32-11ea-811c-b827ebbb6c40|weakest_link_experiment,0,1,1,194,2ece7ce0-1b44-11ea-811c-b827ebbb6c40,Feed-Generator,3,0.37220096588134766,0.10448431968688965,0.267716646194458,128,11e225f692e74173871d315082ae83ab
77,2ece7ce0-1b44-11ea-811c-b827ebbb6c40,1.1373677253723145,1.0391888618469238,2019-12-10 12:11:10,864ba95a-1b32-11ea-811c-b827ebbb6c40|weakest_link_experiment,0,1,1,195,2ece7ce0-1b44-11ea-811c-b827ebbb6c40,Feed-WebView,4,1.1373677253723145,0.43471789360046387,0.7026498317718506,128,67fa61313f5a4f868a99c0096f0b55dc
78,8cf68010-1ba3-11ea-bf84-b827ebbb6c40,0.4879755973815918,0.2648172378540039,2019-12-11 01:40:07,8cabca98-1ba3-11ea-bf84-b827ebbb6c40|weakest_link_experiment,0,1,1,196,8cf68010-1ba3-11ea-bf84-b827ebbb6c40,Getter_list,2,0.2904071807861328,0.2228541374206543,0.06755304336547852,128,3a5e3e25b3e04bab81557f57847d07e8
78,8cf68010-1ba3-11ea-bf84-b827ebbb6c40,0.4879755973815918,0.2648172378540039,2019-12-11 01:40:07,8cabca98-1ba3-11ea-bf84-b827ebbb6c40|weakest_link_experiment,0,1,1,197,8cf68010-1ba3-11ea-bf84-b827ebbb6c40,Getter_Random3-Test.png,2,0.030783891677856445,0.000010251998901367188,0.030773639678955078,128,3a5e3e25b3e04bab81557f57847d07e8
78,8cf68010-1ba3-11ea-bf84-b827ebbb6c40,0.4879755973815918,0.2648172378540039,2019-12-11 01:40:07,8cabca98-1ba3-11ea-bf84-b827ebbb6c40|weakest_link_experiment,0,1,1,198,8cf68010-1ba3-11ea-bf84-b827ebbb6c40,Feed-Generator,3,0.4879755973815918,0.3214850425720215,0.1664905548095703,128,6496aa28f16940dca051f688a77344d6
79,82b2065e-1ba5-11ea-bf84-b827ebbb6c40,1.729278564453125,1.4714365005493164,2019-12-11 01:40:07,8cabca98-1ba3-11ea-bf84-b827ebbb6c40|weakest_link_experiment,0,1,1,199,82b2065e-1ba5-11ea-bf84-b827ebbb6c40,Getter_list,2,0.9774436950683594,0.2575216293334961,0.7199220657348633,128,170f51c178ee4cb49e44bc1179d128cc
79,82b2065e-1ba5-11ea-bf84-b827ebbb6c40,1.729278564453125,1.4714365005493164,2019-12-11 01:40:07,8cabca98-1ba3-11ea-bf84-b827ebbb6c40|weakest_link_experiment,0,1,1,200,82b2065e-1ba5-11ea-bf84-b827ebbb6c40,Getter_Random3-Test.png,2,0.03944683074951172,0.000016927719116210938,0.03942990303039551,128,170f51c178ee4cb49e44bc1179d128cc
79,82b2065e-1ba5-11ea-bf84-b827ebbb6c40,1.729278564453125,1.4714365005493164,2019-12-11 01:40:07,8cabca98-1ba3-11ea-bf84-b827ebbb6c40|weakest_link_experiment,0,1,1,201,82b2065e-1ba5-11ea-bf84-b827ebbb6c40,Feed-Generator,3,1.729278564453125,1.0171940326690674,0.7120845317840576,128,202a545a53bc49f8bc4df2625792f73e
80,8379e3f4-1ba5-11ea-bf84-b827ebbb6c40,1.3062567710876465,1.1934945583343506,2019-12-11 01:40:07,8cabca98-1ba3-11ea-bf84-b827ebbb6c40|weakest_link_experiment,0,1,1,202,8379e3f4-1ba5-11ea-bf84-b827ebbb6c40,Getter_list,2,0.06419634819030762,0.04653358459472656,0.017662763595581055,128,170f51c178ee4cb49e44bc1179d128cc
80,8379e3f4-1ba5-11ea-bf84-b827ebbb6c40,1.3062567710876465,1.1934945583343506,2019-12-11 01:40:07,8cabca98-1ba3-11ea-bf84-b827ebbb6c40|weakest_link_experiment,0,1,1,203,8379e3f4-1ba5-11ea-bf84-b827ebbb6c40,Getter_Random3-Test.png,2,0.01985478401184082,0.000010728836059570312,0.01984405517578125,128,170f51c178ee4cb49e44bc1179d128cc
80,8379e3f4-1ba5-11ea-bf84-b827ebbb6c40,1.3062567710876465,1.1934945583343506,2019-12-11 01:40:07,8cabca98-1ba3-11ea-bf84-b827ebbb6c40|weakest_link_experiment,0,1,1,204,8379e3f4-1ba5-11ea-bf84-b827ebbb6c40,Feed-Generator,3,0.3408651351928711,0.08430910110473633,0.25655603408813477,128,202a545a53bc49f8bc4df2625792f73e
80,8379e3f4-1ba5-11ea-bf84-b827ebbb6c40,1.3062567710876465,1.1934945583343506,2019-12-11 01:40:07,8cabca98-1ba3-11ea-bf84-b827ebbb6c40|weakest_link_experiment,0,1,1,205,8379e3f4-1ba5-11ea-bf84-b827ebbb6c40,Feed-WebView,4,1.3062567710876465,0.40682506561279297,0.8994317054748535,128,139747cfee1c41bab832a9882dfee05a
81,792c453e-1ba7-11ea-bf84-b827ebbb6c40,1.603769302368164,1.389542579650879,2019-12-11 01:40:07,8cabca98-1ba3-11ea-bf84-b827ebbb6c40|weakest_link_experiment,0,1,1,206,792c453e-1ba7-11ea-bf84-b827ebbb6c40,Getter_list,2,0.9008793830871582,0.2139449119567871,0.6869344711303711,128,57f796e3ccff4992af5dbb58b5808d9a
81,792c453e-1ba7-11ea-bf84-b827ebbb6c40,1.603769302368164,1.389542579650879,2019-12-11 01:40:07,8cabca98-1ba3-11ea-bf84-b827ebbb6c40|weakest_link_experiment,0,1,1,207,792c453e-1ba7-11ea-bf84-b827ebbb6c40,Getter_Random3-Test.png,2,0.04023575782775879,0.00000858306884765625,0.04022717475891113,128,57f796e3ccff4992af5dbb58b5808d9a
81,792c453e-1ba7-11ea-bf84-b827ebbb6c40,1.603769302368164,1.389542579650879,2019-12-11 01:40:07,8cabca98-1ba3-11ea-bf84-b827ebbb6c40|weakest_link_experiment,0,1,1,208,792c453e-1ba7-11ea-bf84-b827ebbb6c40,Feed-Generator,3,1.603769302368164,0.9413883686065674,0.6623809337615967,128,ea0b0fc8e9b344a18a87b6acc0d27e18
82,6ef9537a-1ba9-11ea-bf84-b827ebbb6c40,1.779867172241211,1.5182404518127441,2019-12-11 01:40:07,8cabca98-1ba3-11ea-bf84-b827ebbb6c40|weakest_link_experiment,0,1,1,209,6ef9537a-1ba9-11ea-bf84-b827ebbb6c40,Getter_list,2,1.019958734512329,0.2612898349761963,0.7586688995361328,128,5173bde7f35044589a11148dbc6c8e7c
82,6ef9537a-1ba9-11ea-bf84-b827ebbb6c40,1.779867172241211,1.5182404518127441,2019-12-11 01:40:07,8cabca98-1ba3-11ea-bf84-b827ebbb6c40|weakest_link_experiment,0,1,1,210,6ef9537a-1ba9-11ea-bf84-b827ebbb6c40,Getter_Random3-Test.png,2,0.03705763816833496,0.00003123283386230469,0.037026405334472656,128,5173bde7f35044589a11148dbc6c8e7c
82,6ef9537a-1ba9-11ea-bf84-b827ebbb6c40,1.779867172241211,1.5182404518127441,2019-12-11 01:40:07,8cabca98-1ba3-11ea-bf84-b827ebbb6c40|weakest_link_experiment,0,1,1,211,6ef9537a-1ba9-11ea-bf84-b827ebbb6c40,Feed-Generator,3,1.779867172241211,1.0573220252990723,0.7225451469421387,128,2490bb98f0a04c5aa518647c959efd43
83,6fc8a558-1ba9-11ea-bf84-b827ebbb6c40,1.355062484741211,1.254340648651123,2019-12-11 01:40:07,8cabca98-1ba3-11ea-bf84-b827ebbb6c40|weakest_link_experiment,0,1,1,212,6fc8a558-1ba9-11ea-bf84-b827ebbb6c40,Getter_list,2,0.0426180362701416,0.025942564010620117,0.016675472259521484,128,5173bde7f35044589a11148dbc6c8e7c
83,6fc8a558-1ba9-11ea-bf84-b827ebbb6c40,1.355062484741211,1.254340648651123,2019-12-11 01:40:07,8cabca98-1ba3-11ea-bf84-b827ebbb6c40|weakest_link_experiment,0,1,1,213,6fc8a558-1ba9-11ea-bf84-b827ebbb6c40,Getter_Random3-Test.png,2,0.036858558654785156,0.0000095367431640625,0.036849021911621094,128,5173bde7f35044589a11148dbc6c8e7c
83,6fc8a558-1ba9-11ea-bf84-b827ebbb6c40,1.355062484741211,1.254340648651123,2019-12-11 01:40:07,8cabca98-1ba3-11ea-bf84-b827ebbb6c40|weakest_link_experiment,0,1,1,214,6fc8a558-1ba9-11ea-bf84-b827ebbb6c40,Feed-Generator,3,0.33127307891845703,0.07976675033569336,0.25150632858276367,128,2490bb98f0a04c5aa518647c959efd43
83,6fc8a558-1ba9-11ea-bf84-b827ebbb6c40,1.355062484741211,1.254340648651123,2019-12-11 01:40:07,8cabca98-1ba3-11ea-bf84-b827ebbb6c40|weakest_link_experiment,0,1,1,215,6fc8a558-1ba9-11ea-bf84-b827ebbb6c40,Feed-WebView,4,1.355062484741211,0.40575265884399414,0.9493098258972168,128,96d2fe8b69674286b9cfabc3ff1e7ad1
84,658bb538-1bab-11ea-bf84-b827ebbb6c40,1.712846279144287,1.4789631366729736,2019-12-11 01:40:07,8cabca98-1ba3-11ea-bf84-b827ebbb6c40|weakest_link_experiment,0,1,1,216,658bb538-1bab-11ea-bf84-b827ebbb6c40,Getter_list,2,0.9738223552703857,0.23352813720703125,0.7402942180633545,128,582e1d2a419649e795a7e78f4bc5f02a
84,658bb538-1bab-11ea-bf84-b827ebbb6c40,1.712846279144287,1.4789631366729736,2019-12-11 01:40:07,8cabca98-1ba3-11ea-bf84-b827ebbb6c40|weakest_link_experiment,0,1,1,217,658bb538-1bab-11ea-bf84-b827ebbb6c40,Getter_Random3-Test.png,2,0.037972450256347656,0.000031948089599609375,0.03794050216674805,128,582e1d2a419649e795a7e78f4bc5f02a
84,658bb538-1bab-11ea-bf84-b827ebbb6c40,1.712846279144287,1.4789631366729736,2019-12-11 01:40:07,8cabca98-1ba3-11ea-bf84-b827ebbb6c40|weakest_link_experiment,0,1,1,218,658bb538-1bab-11ea-bf84-b827ebbb6c40,Feed-Generator,3,1.712846279144287,1.012117862701416,0.7007284164428711,128,ca02692e225e443c9ebcf750bb984cbc
85,5b45ea56-1bad-11ea-bf84-b827ebbb6c40,1.6551463603973389,1.4308860301971436,2019-12-11 01:40:07,8cabca98-1ba3-11ea-bf84-b827ebbb6c40|weakest_link_experiment,0,1,1,219,5b45ea56-1bad-11ea-bf84-b827ebbb6c40,Getter_list,2,0.9295303821563721,0.22391867637634277,0.7056117057800293,128,5cf23be98baf4840b08008b57dda58d9
85,5b45ea56-1bad-11ea-bf84-b827ebbb6c40,1.6551463603973389,1.4308860301971436,2019-12-11 01:40:07,8cabca98-1ba3-11ea-bf84-b827ebbb6c40|weakest_link_experiment,0,1,1,220,5b45ea56-1bad-11ea-bf84-b827ebbb6c40,Getter_Random3-Test.png,2,0.04430246353149414,0.00002002716064453125,0.04428243637084961,128,5cf23be98baf4840b08008b57dda58d9
85,5b45ea56-1bad-11ea-bf84-b827ebbb6c40,1.6551463603973389,1.4308860301971436,2019-12-11 01:40:07,8cabca98-1ba3-11ea-bf84-b827ebbb6c40|weakest_link_experiment,0,1,1,221,5b45ea56-1bad-11ea-bf84-b827ebbb6c40,Feed-Generator,3,1.6551463603973389,0.9741544723510742,0.6809918880462646,128,4918b3e717af46a18ff05c3c768faeb5
86,5bf41fcc-1bad-11ea-bf84-b827ebbb6c40,1.1381042003631592,1.0618500709533691,2019-12-11 01:40:07,8cabca98-1ba3-11ea-bf84-b827ebbb6c40|weakest_link_experiment,0,1,1,222,5bf41fcc-1bad-11ea-bf84-b827ebbb6c40,Getter_list,2,0.05451059341430664,0.03814959526062012,0.016360998153686523,128,5cf23be98baf4840b08008b57dda58d9
86,5bf41fcc-1bad-11ea-bf84-b827ebbb6c40,1.1381042003631592,1.0618500709533691,2019-12-11 01:40:07,8cabca98-1ba3-11ea-bf84-b827ebbb6c40|weakest_link_experiment,0,1,1,223,5bf41fcc-1bad-11ea-bf84-b827ebbb6c40,Getter_Random3-Test.png,2,0.03868508338928223,0.000010967254638671875,0.038674116134643555,128,5cf23be98baf4840b08008b57dda58d9
86,5bf41fcc-1bad-11ea-bf84-b827ebbb6c40,1.1381042003631592,1.0618500709533691,2019-12-11 01:40:07,8cabca98-1ba3-11ea-bf84-b827ebbb6c40|weakest_link_experiment,0,1,1,224,5bf41fcc-1bad-11ea-bf84-b827ebbb6c40,Feed-Generator,3,0.3330960273742676,0.09346938133239746,0.23962664604187012,128,4918b3e717af46a18ff05c3c768faeb5
86,5bf41fcc-1bad-11ea-bf84-b827ebbb6c40,1.1381042003631592,1.0618500709533691,2019-12-11 01:40:07,8cabca98-1ba3-11ea-bf84-b827ebbb6c40|weakest_link_experiment,0,1,1,225,5bf41fcc-1bad-11ea-bf84-b827ebbb6c40,Feed-WebView,4,1.1381042003631592,0.37091588973999023,0.767188310623169,128,6bc3c2997d364932bbb650aa98f474d8
87,51b2c796-1baf-11ea-bf84-b827ebbb6c40,1.6842331886291504,1.4596450328826904,2019-12-11 01:40:12,8cabca98-1ba3-11ea-bf84-b827ebbb6c40|weakest_link_experiment,0,1,1,226,51b2c796-1baf-11ea-bf84-b827ebbb6c40,Getter_list,2,0.9554464817047119,0.22426700592041016,0.7311794757843018,128,64b24ed4d97e47a99b26281a2f6aa38b
87,51b2c796-1baf-11ea-bf84-b827ebbb6c40,1.6842331886291504,1.4596450328826904,2019-12-11 01:40:12,8cabca98-1ba3-11ea-bf84-b827ebbb6c40|weakest_link_experiment,0,1,1,227,51b2c796-1baf-11ea-bf84-b827ebbb6c40,Getter_Random3-Test.png,2,0.03525590896606445,0.000014543533325195312,0.03524136543273926,128,64b24ed4d97e47a99b26281a2f6aa38b
87,51b2c796-1baf-11ea-bf84-b827ebbb6c40,1.6842331886291504,1.4596450328826904,2019-12-11 01:40:12,8cabca98-1ba3-11ea-bf84-b827ebbb6c40|weakest_link_experiment,0,1,1,228,51b2c796-1baf-11ea-bf84-b827ebbb6c40,Feed-Generator,3,1.6842331886291504,0.991008996963501,0.6932241916656494,128,1babe10b49e04e35b1f1f38ccdd19b72
88,477a1ca0-1bb1-11ea-bf84-b827ebbb6c40,1.744840383529663,1.4561622142791748,2019-12-11 01:40:12,8cabca98-1ba3-11ea-bf84-b827ebbb6c40|weakest_link_experiment,0,1,1,229,477a1ca0-1bb1-11ea-bf84-b827ebbb6c40,Getter_list,2,1.0085070133209229,0.2763223648071289,0.732184648513794,128,060017694f954b4598a0b5feafda1e96
88,477a1ca0-1bb1-11ea-bf84-b827ebbb6c40,1.744840383529663,1.4561622142791748,2019-12-11 01:40:12,8cabca98-1ba3-11ea-bf84-b827ebbb6c40|weakest_link_experiment,0,1,1,230,477a1ca0-1bb1-11ea-bf84-b827ebbb6c40,Getter_Random3-Test.png,2,0.020916223526000977,0.0000171661376953125,0.020899057388305664,128,060017694f954b4598a0b5feafda1e96
88,477a1ca0-1bb1-11ea-bf84-b827ebbb6c40,1.744840383529663,1.4561622142791748,2019-12-11 01:40:12,8cabca98-1ba3-11ea-bf84-b827ebbb6c40|weakest_link_experiment,0,1,1,231,477a1ca0-1bb1-11ea-bf84-b827ebbb6c40,Feed-Generator,3,1.744840383529663,1.041761875152588,0.7030785083770752,128,853ea851f7bf47e89d3efd9949e60236
89,4828e384-1bb1-11ea-bf84-b827ebbb6c40,1.1426892280578613,1.0682530403137207,2019-12-11 01:40:12,8cabca98-1ba3-11ea-bf84-b827ebbb6c40|weakest_link_experiment,0,1,1,232,4828e384-1bb1-11ea-bf84-b827ebbb6c40,Getter_list,2,0.053014516830444336,0.03233957290649414,0.020674943923950195,128,060017694f954b4598a0b5feafda1e96
89,4828e384-1bb1-11ea-bf84-b827ebbb6c40,1.1426892280578613,1.0682530403137207,2019-12-11 01:40:12,8cabca98-1ba3-11ea-bf84-b827ebbb6c40|weakest_link_experiment,0,1,1,233,4828e384-1bb1-11ea-bf84-b827ebbb6c40,Getter_Random3-Test.png,2,0.03246569633483887,0.00001049041748046875,0.0324552059173584,128,060017694f954b4598a0b5feafda1e96
89,4828e384-1bb1-11ea-bf84-b827ebbb6c40,1.1426892280578613,1.0682530403137207,2019-12-11 01:40:12,8cabca98-1ba3-11ea-bf84-b827ebbb6c40|weakest_link_experiment,0,1,1,234,4828e384-1bb1-11ea-bf84-b827ebbb6c40,Feed-Generator,3,0.32829856872558594,0.0857698917388916,0.24252867698669434,128,853ea851f7bf47e89d3efd9949e60236
89,4828e384-1bb1-11ea-bf84-b827ebbb6c40,1.1426892280578613,1.0682530403137207,2019-12-11 01:40:12,8cabca98-1ba3-11ea-bf84-b827ebbb6c40|weakest_link_experiment,0,1,1,235,4828e384-1bb1-11ea-bf84-b827ebbb6c40,Feed-WebView,4,1.1426892280578613,0.37009501457214355,0.7725942134857178,128,e39b64996225410686c98b8b13c13fa3
90,3de4c2ba-1bb3-11ea-bf84-b827ebbb6c40,1.7049825191497803,1.4558329582214355,2019-12-11 01:40:12,8cabca98-1ba3-11ea-bf84-b827ebbb6c40|weakest_link_experiment,0,1,1,236,3de4c2ba-1bb3-11ea-bf84-b827ebbb6c40,Getter_list,2,0.9775798320770264,0.24880743026733398,0.7287724018096924,128,6b26219a990941658128c0bbac3162d2
90,3de4c2ba-1bb3-11ea-bf84-b827ebbb6c40,1.7049825191497803,1.4558329582214355,2019-12-11 01:40:12,8cabca98-1ba3-11ea-bf84-b827ebbb6c40|weakest_link_experiment,0,1,1,237,3de4c2ba-1bb3-11ea-bf84-b827ebbb6c40,Getter_Random3-Test.png,2,0.04447484016418457,0.000015974044799804688,0.044458866119384766,128,6b26219a990941658128c0bbac3162d2
90,3de4c2ba-1bb3-11ea-bf84-b827ebbb6c40,1.7049825191497803,1.4558329582214355,2019-12-11 01:40:12,8cabca98-1ba3-11ea-bf84-b827ebbb6c40|weakest_link_experiment,0,1,1,238,3de4c2ba-1bb3-11ea-bf84-b827ebbb6c40,Feed-Generator,3,1.7049825191497803,1.0223808288574219,0.6826016902923584,128,21db85474382414395fb6f108c850227
91,33a7a96e-1bb5-11ea-bf84-b827ebbb6c40,1.774282693862915,1.5062859058380127,2019-12-11 01:40:12,8cabca98-1ba3-11ea-bf84-b827ebbb6c40|weakest_link_experiment,0,1,1,239,33a7a96e-1bb5-11ea-bf84-b827ebbb6c40,Getter_list,2,1.0214297771453857,0.267627477645874,0.7538022994995117,128,6c7873468a0440d59d4068d08d99e44f
91,33a7a96e-1bb5-11ea-bf84-b827ebbb6c40,1.774282693862915,1.5062859058380127,2019-12-11 01:40:12,8cabca98-1ba3-11ea-bf84-b827ebbb6c40|weakest_link_experiment,0,1,1,240,33a7a96e-1bb5-11ea-bf84-b827ebbb6c40,Getter_Random3-Test.png,2,0.035904884338378906,0.000017881393432617188,0.03588700294494629,128,6c7873468a0440d59d4068d08d99e44f
91,33a7a96e-1bb5-11ea-bf84-b827ebbb6c40,1.774282693862915,1.5062859058380127,2019-12-11 01:40:12,8cabca98-1ba3-11ea-bf84-b827ebbb6c40|weakest_link_experiment,0,1,1,241,33a7a96e-1bb5-11ea-bf84-b827ebbb6c40,Feed-Generator,3,1.774282693862915,1.0576860904693604,0.7165966033935547,128,9ae122d10ccc4eb793621f5cd2fd7272
92,3461a1de-1bb5-11ea-bf84-b827ebbb6c40,1.2166728973388672,1.1514463424682617,2019-12-11 01:40:12,8cabca98-1ba3-11ea-bf84-b827ebbb6c40|weakest_link_experiment,0,1,1,242,3461a1de-1bb5-11ea-bf84-b827ebbb6c40,Getter_list,2,0.040361881256103516,0.023073434829711914,0.0172884464263916,128,6c7873468a0440d59d4068d08d99e44f
92,3461a1de-1bb5-11ea-bf84-b827ebbb6c40,1.2166728973388672,1.1514463424682617,2019-12-11 01:40:12,8cabca98-1ba3-11ea-bf84-b827ebbb6c40|weakest_link_experiment,0,1,1,243,3461a1de-1bb5-11ea-bf84-b827ebbb6c40,Getter_Random3-Test.png,2,0.04811215400695801,0.000010251998901367188,0.04810190200805664,128,6c7873468a0440d59d4068d08d99e44f
92,3461a1de-1bb5-11ea-bf84-b827ebbb6c40,1.2166728973388672,1.1514463424682617,2019-12-11 01:40:12,8cabca98-1ba3-11ea-bf84-b827ebbb6c40|weakest_link_experiment,0,1,1,244,3461a1de-1bb5-11ea-bf84-b827ebbb6c40,Feed-Generator,3,0.35800695419311523,0.08885407447814941,0.2691528797149658,128,9ae122d10ccc4eb793621f5cd2fd7272
92,3461a1de-1bb5-11ea-bf84-b827ebbb6c40,1.2166728973388672,1.1514463424682617,2019-12-11 01:40:12,8cabca98-1ba3-11ea-bf84-b827ebbb6c40|weakest_link_experiment,0,1,1,245,3461a1de-1bb5-11ea-bf84-b827ebbb6c40,Feed-WebView,4,1.2166728973388672,0.39976978302001953,0.8169031143188477,128,0f4c3f42705b4d2f8a536c14717b1bc9
93,6eae8432-1bf7-11ea-9f0a-b827ebbb6c40,1.755967378616333,1.510094165802002,2019-12-11 11:40:34,6da2514a-1bf7-11ea-9f0a-b827ebbb6c40|weakest_link_experiment,0,1,1,246,6eae8432-1bf7-11ea-9f0a-b827ebbb6c40,Getter_list,2,1.0130131244659424,0.24553275108337402,0.7674803733825684,128,f2c215599e0243aea37b4104c1990689
93,6eae8432-1bf7-11ea-9f0a-b827ebbb6c40,1.755967378616333,1.510094165802002,2019-12-11 11:40:34,6da2514a-1bf7-11ea-9f0a-b827ebbb6c40|weakest_link_experiment,0,1,1,247,6eae8432-1bf7-11ea-9f0a-b827ebbb6c40,Getter_Random3-Test.png,2,0.02922224998474121,0.000019311904907226562,0.029202938079833984,128,f2c215599e0243aea37b4104c1990689
93,6eae8432-1bf7-11ea-9f0a-b827ebbb6c40,1.755967378616333,1.510094165802002,2019-12-11 11:40:34,6da2514a-1bf7-11ea-9f0a-b827ebbb6c40|weakest_link_experiment,0,1,1,248,6eae8432-1bf7-11ea-9f0a-b827ebbb6c40,Feed-Generator,3,1.755967378616333,1.0425565242767334,0.7134108543395996,128,b05f41a9c375494e974efc99bc138b5d
94,647948ba-1bf9-11ea-9f0a-b827ebbb6c40,1.7631924152374268,1.5200014114379883,2019-12-11 11:40:34,6da2514a-1bf7-11ea-9f0a-b827ebbb6c40|weakest_link_experiment,0,1,1,249,647948ba-1bf9-11ea-9f0a-b827ebbb6c40,Getter_list,2,1.0051240921020508,0.24285411834716797,0.7622699737548828,128,97c7415c47fd4353802829e0a4aa8f68
94,647948ba-1bf9-11ea-9f0a-b827ebbb6c40,1.7631924152374268,1.5200014114379883,2019-12-11 11:40:34,6da2514a-1bf7-11ea-9f0a-b827ebbb6c40|weakest_link_experiment,0,1,1,250,647948ba-1bf9-11ea-9f0a-b827ebbb6c40,Getter_Random3-Test.png,2,0.03924989700317383,0.000012159347534179688,0.03923773765563965,128,97c7415c47fd4353802829e0a4aa8f68
94,647948ba-1bf9-11ea-9f0a-b827ebbb6c40,1.7631924152374268,1.5200014114379883,2019-12-11 11:40:34,6da2514a-1bf7-11ea-9f0a-b827ebbb6c40|weakest_link_experiment,0,1,1,251,647948ba-1bf9-11ea-9f0a-b827ebbb6c40,Feed-Generator,3,1.7631924152374268,1.044698715209961,0.7184937000274658,128,2c05b2b8453a4b99bd928aed618de69a
95,653a6e5a-1bf9-11ea-9f0a-b827ebbb6c40,1.2620015144348145,1.1306371688842773,2019-12-11 11:40:35,6da2514a-1bf7-11ea-9f0a-b827ebbb6c40|weakest_link_experiment,0,1,1,252,653a6e5a-1bf9-11ea-9f0a-b827ebbb6c40,Getter_list,2,0.05374908447265625,0.0363621711730957,0.017386913299560547,128,97c7415c47fd4353802829e0a4aa8f68
95,653a6e5a-1bf9-11ea-9f0a-b827ebbb6c40,1.2620015144348145,1.1306371688842773,2019-12-11 11:40:35,6da2514a-1bf7-11ea-9f0a-b827ebbb6c40|weakest_link_experiment,0,1,1,253,653a6e5a-1bf9-11ea-9f0a-b827ebbb6c40,Getter_Random3-Test.png,2,0.03733992576599121,0.00001049041748046875,0.03732943534851074,128,97c7415c47fd4353802829e0a4aa8f68
95,653a6e5a-1bf9-11ea-9f0a-b827ebbb6c40,1.2620015144348145,1.1306371688842773,2019-12-11 11:40:35,6da2514a-1bf7-11ea-9f0a-b827ebbb6c40|weakest_link_experiment,0,1,1,254,653a6e5a-1bf9-11ea-9f0a-b827ebbb6c40,Feed-Generator,3,0.35284852981567383,0.09148669242858887,0.26136183738708496,128,2c05b2b8453a4b99bd928aed618de69a
95,653a6e5a-1bf9-11ea-9f0a-b827ebbb6c40,1.2620015144348145,1.1306371688842773,2019-12-11 11:40:35,6da2514a-1bf7-11ea-9f0a-b827ebbb6c40|weakest_link_experiment,0,1,1,255,653a6e5a-1bf9-11ea-9f0a-b827ebbb6c40,Feed-WebView,4,1.2620015144348145,0.44744253158569336,0.8145589828491211,128,276938d288bc4b04b9ee6f2482eec4db
96,5b035846-1bfb-11ea-9f0a-b827ebbb6c40,1.7747399806976318,1.5295250415802002,2019-12-11 11:40:35,6da2514a-1bf7-11ea-9f0a-b827ebbb6c40|weakest_link_experiment,0,1,1,256,5b035846-1bfb-11ea-9f0a-b827ebbb6c40,Getter_list,2,1.0342659950256348,0.24480724334716797,0.7894587516784668,128,8271040a7fc749c4b38435b76d179ba1
96,5b035846-1bfb-11ea-9f0a-b827ebbb6c40,1.7747399806976318,1.5295250415802002,2019-12-11 11:40:35,6da2514a-1bf7-11ea-9f0a-b827ebbb6c40|weakest_link_experiment,0,1,1,257,5b035846-1bfb-11ea-9f0a-b827ebbb6c40,Getter_Random3-Test.png,2,0.05205130577087402,0.000011205673217773438,0.05204010009765625,128,8271040a7fc749c4b38435b76d179ba1
96,5b035846-1bfb-11ea-9f0a-b827ebbb6c40,1.7747399806976318,1.5295250415802002,2019-12-11 11:40:35,6da2514a-1bf7-11ea-9f0a-b827ebbb6c40|weakest_link_experiment,0,1,1,258,5b035846-1bfb-11ea-9f0a-b827ebbb6c40,Feed-Generator,3,1.7747399806976318,1.0867137908935547,0.6880261898040771,128,e6dbcdca731e4aeea9b8cdf8936d0e3e
97,50c2fccc-1bfd-11ea-9f0a-b827ebbb6c40,1.7729978561401367,1.5186913013458252,2019-12-11 11:40:35,6da2514a-1bf7-11ea-9f0a-b827ebbb6c40|weakest_link_experiment,0,1,1,259,50c2fccc-1bfd-11ea-9f0a-b827ebbb6c40,Getter_list,2,1.0248496532440186,0.25395727157592773,0.7708923816680908,128,50d8ab2c254c4c41b1d04658fd8414bc
97,50c2fccc-1bfd-11ea-9f0a-b827ebbb6c40,1.7729978561401367,1.5186913013458252,2019-12-11 11:40:35,6da2514a-1bf7-11ea-9f0a-b827ebbb6c40|weakest_link_experiment,0,1,1,260,50c2fccc-1bfd-11ea-9f0a-b827ebbb6c40,Getter_Random3-Test.png,2,0.044600725173950195,0.000022172927856445312,0.04457855224609375,128,50d8ab2c254c4c41b1d04658fd8414bc
97,50c2fccc-1bfd-11ea-9f0a-b827ebbb6c40,1.7729978561401367,1.5186913013458252,2019-12-11 11:40:35,6da2514a-1bf7-11ea-9f0a-b827ebbb6c40|weakest_link_experiment,0,1,1,261,50c2fccc-1bfd-11ea-9f0a-b827ebbb6c40,Feed-Generator,3,1.7729978561401367,1.069777488708496,0.7032203674316406,128,5b3fe63a1e174934b8ee50142b991e8e
98,516e663e-1bfd-11ea-9f0a-b827ebbb6c40,1.1196513175964355,1.0433504581451416,2019-12-11 11:40:35,6da2514a-1bf7-11ea-9f0a-b827ebbb6c40|weakest_link_experiment,0,1,1,262,516e663e-1bfd-11ea-9f0a-b827ebbb6c40,Getter_list,2,0.05460977554321289,0.03800821304321289,0.0166015625,128,50d8ab2c254c4c41b1d04658fd8414bc
98,516e663e-1bfd-11ea-9f0a-b827ebbb6c40,1.1196513175964355,1.0433504581451416,2019-12-11 11:40:35,6da2514a-1bf7-11ea-9f0a-b827ebbb6c40|weakest_link_experiment,0,1,1,263,516e663e-1bfd-11ea-9f0a-b827ebbb6c40,Getter_Random3-Test.png,2,0.03741025924682617,0.000010728836059570312,0.0373995304107666,128,50d8ab2c254c4c41b1d04658fd8414bc
98,516e663e-1bfd-11ea-9f0a-b827ebbb6c40,1.1196513175964355,1.0433504581451416,2019-12-11 11:40:35,6da2514a-1bf7-11ea-9f0a-b827ebbb6c40|weakest_link_experiment,0,1,1,264,516e663e-1bfd-11ea-9f0a-b827ebbb6c40,Feed-Generator,3,0.3623542785644531,0.09232902526855469,0.27002525329589844,128,5b3fe63a1e174934b8ee50142b991e8e
98,516e663e-1bfd-11ea-9f0a-b827ebbb6c40,1.1196513175964355,1.0433504581451416,2019-12-11 11:40:35,6da2514a-1bf7-11ea-9f0a-b827ebbb6c40|weakest_link_experiment,0,1,1,265,516e663e-1bfd-11ea-9f0a-b827ebbb6c40,Feed-WebView,4,1.1196513175964355,0.400327205657959,0.7193241119384766,128,d1f6d33a85f14c41806eb02bda692e03
99,47c699ce-1bff-11ea-9f0a-b827ebbb6c40,2.7488765716552734,2.4825754165649414,2019-12-11 11:40:35,6da2514a-1bf7-11ea-9f0a-b827ebbb6c40|weakest_link_experiment,0,1,1,266,47c699ce-1bff-11ea-9f0a-b827ebbb6c40,Getter_list,2,2.0120344161987305,0.26586055755615234,1.7461738586425781,128,b600ad0f0b2b4e77925a11fbf61f75a2
99,47c699ce-1bff-11ea-9f0a-b827ebbb6c40,2.7488765716552734,2.4825754165649414,2019-12-11 11:40:35,6da2514a-1bf7-11ea-9f0a-b827ebbb6c40|weakest_link_experiment,0,1,1,267,47c699ce-1bff-11ea-9f0a-b827ebbb6c40,Getter_Random3-Test.png,2,0.038187265396118164,0.000020503997802734375,0.03816676139831543,128,b600ad0f0b2b4e77925a11fbf61f75a2
99,47c699ce-1bff-11ea-9f0a-b827ebbb6c40,2.7488765716552734,2.4825754165649414,2019-12-11 11:40:35,6da2514a-1bf7-11ea-9f0a-b827ebbb6c40|weakest_link_experiment,0,1,1,268,47c699ce-1bff-11ea-9f0a-b827ebbb6c40,Feed-Generator,3,2.7488765716552734,2.0506417751312256,0.6982347965240479,128,59e8216bd83746d78387277be5f3c745
100,3d9346e4-1c01-11ea-9f0a-b827ebbb6c40,1.8232104778289795,1.5214629173278809,2019-12-11 11:40:35,6da2514a-1bf7-11ea-9f0a-b827ebbb6c40|weakest_link_experiment,0,1,1,269,3d9346e4-1c01-11ea-9f0a-b827ebbb6c40,Getter_list,2,1.0562798976898193,0.3013293743133545,0.7549505233764648,128,7f8c3d460ed14e52b83ef8052eef7ea4
100,3d9346e4-1c01-11ea-9f0a-b827ebbb6c40,1.8232104778289795,1.5214629173278809,2019-12-11 11:40:35,6da2514a-1bf7-11ea-9f0a-b827ebbb6c40|weakest_link_experiment,0,1,1,270,3d9346e4-1c01-11ea-9f0a-b827ebbb6c40,Getter_Random3-Test.png,2,0.04547405242919922,0.000021219253540039062,0.04545283317565918,128,7f8c3d460ed14e52b83ef8052eef7ea4
100,3d9346e4-1c01-11ea-9f0a-b827ebbb6c40,1.8232104778289795,1.5214629173278809,2019-12-11 11:40:35,6da2514a-1bf7-11ea-9f0a-b827ebbb6c40|weakest_link_experiment,0,1,1,271,3d9346e4-1c01-11ea-9f0a-b827ebbb6c40,Feed-Generator,3,1.8232104778289795,1.1021509170532227,0.7210595607757568,128,09b136325da841d9bc31ed99cda2d341
101,3e37daec-1c01-11ea-9f0a-b827ebbb6c40,1.0763180255889893,1.0149257183074951,2019-12-11 11:40:35,6da2514a-1bf7-11ea-9f0a-b827ebbb6c40|weakest_link_experiment,0,1,1,272,3e37daec-1c01-11ea-9f0a-b827ebbb6c40,Getter_list,2,0.06366705894470215,0.031235218048095703,0.032431840896606445,128,7f8c3d460ed14e52b83ef8052eef7ea4
101,3e37daec-1c01-11ea-9f0a-b827ebbb6c40,1.0763180255889893,1.0149257183074951,2019-12-11 11:40:35,6da2514a-1bf7-11ea-9f0a-b827ebbb6c40|weakest_link_experiment,0,1,1,273,3e37daec-1c01-11ea-9f0a-b827ebbb6c40,Getter_Random3-Test.png,2,0.0373837947845459,0.000010013580322265625,0.03737378120422363,128,7f8c3d460ed14e52b83ef8052eef7ea4
101,3e37daec-1c01-11ea-9f0a-b827ebbb6c40,1.0763180255889893,1.0149257183074951,2019-12-11 11:40:35,6da2514a-1bf7-11ea-9f0a-b827ebbb6c40|weakest_link_experiment,0,1,1,274,3e37daec-1c01-11ea-9f0a-b827ebbb6c40,Feed-Generator,3,0.3441348075866699,0.10136938095092773,0.2427654266357422,128,09b136325da841d9bc31ed99cda2d341
101,3e37daec-1c01-11ea-9f0a-b827ebbb6c40,1.0763180255889893,1.0149257183074951,2019-12-11 11:40:35,6da2514a-1bf7-11ea-9f0a-b827ebbb6c40|weakest_link_experiment,0,1,1,275,3e37daec-1c01-11ea-9f0a-b827ebbb6c40,Feed-WebView,4,1.0763180255889893,0.3739633560180664,0.7023546695709229,128,fa8c88c76e3a416ea9c9e39d5c83f3d8
102,33f132c0-1c03-11ea-9f0a-b827ebbb6c40,1.7342700958251953,1.5026414394378662,2019-12-11 11:40:38,6da2514a-1bf7-11ea-9f0a-b827ebbb6c40|weakest_link_experiment,0,1,1,276,33f132c0-1c03-11ea-9f0a-b827ebbb6c40,Getter_list,2,0.976698637008667,0.23127269744873047,0.7454259395599365,128,cba09d6afc86466ab5eda6efc083e55b
102,33f132c0-1c03-11ea-9f0a-b827ebbb6c40,1.7342700958251953,1.5026414394378662,2019-12-11 11:40:38,6da2514a-1bf7-11ea-9f0a-b827ebbb6c40|weakest_link_experiment,0,1,1,277,33f132c0-1c03-11ea-9f0a-b827ebbb6c40,Getter_Random3-Test.png,2,0.04899334907531738,0.000042438507080078125,0.048950910568237305,128,cba09d6afc86466ab5eda6efc083e55b
102,33f132c0-1c03-11ea-9f0a-b827ebbb6c40,1.7342700958251953,1.5026414394378662,2019-12-11 11:40:38,6da2514a-1bf7-11ea-9f0a-b827ebbb6c40|weakest_link_experiment,0,1,1,278,33f132c0-1c03-11ea-9f0a-b827ebbb6c40,Feed-Generator,3,1.7342700958251953,1.026005506515503,0.7082645893096924,128,ee2ba9b8c5834520b18b39697898dbf0
103,29bd22d0-1c05-11ea-9f0a-b827ebbb6c40,1.7737255096435547,1.4896388053894043,2019-12-11 11:40:39,6da2514a-1bf7-11ea-9f0a-b827ebbb6c40|weakest_link_experiment,0,1,1,279,29bd22d0-1c05-11ea-9f0a-b827ebbb6c40,Getter_list,2,1.0447120666503906,0.28363490104675293,0.7610771656036377,128,a9e739b2623747d78bc35580c5f4ec85
103,29bd22d0-1c05-11ea-9f0a-b827ebbb6c40,1.7737255096435547,1.4896388053894043,2019-12-11 11:40:39,6da2514a-1bf7-11ea-9f0a-b827ebbb6c40|weakest_link_experiment,0,1,1,280,29bd22d0-1c05-11ea-9f0a-b827ebbb6c40,Getter_Random3-Test.png,2,0.027400732040405273,0.000020503997802734375,0.02738022804260254,128,a9e739b2623747d78bc35580c5f4ec85
103,29bd22d0-1c05-11ea-9f0a-b827ebbb6c40,1.7737255096435547,1.4896388053894043,2019-12-11 11:40:39,6da2514a-1bf7-11ea-9f0a-b827ebbb6c40|weakest_link_experiment,0,1,1,281,29bd22d0-1c05-11ea-9f0a-b827ebbb6c40,Feed-Generator,3,1.7737255096435547,1.0725440979003906,0.7011814117431641,128,90aab53c8ff74842a10e32ad4c407e7d
104,2a6d5b50-1c05-11ea-9f0a-b827ebbb6c40,1.1511614322662354,1.040776252746582,2019-12-11 11:40:39,6da2514a-1bf7-11ea-9f0a-b827ebbb6c40|weakest_link_experiment,0,1,1,282,2a6d5b50-1c05-11ea-9f0a-b827ebbb6c40,Getter_list,2,0.07694363594055176,0.05995631217956543,0.016987323760986328,128,a9e739b2623747d78bc35580c5f4ec85
104,2a6d5b50-1c05-11ea-9f0a-b827ebbb6c40,1.1511614322662354,1.040776252746582,2019-12-11 11:40:39,6da2514a-1bf7-11ea-9f0a-b827ebbb6c40|weakest_link_experiment,0,1,1,283,2a6d5b50-1c05-11ea-9f0a-b827ebbb6c40,Getter_Random3-Test.png,2,0.023736953735351562,0.000011444091796875,0.023725509643554688,128,a9e739b2623747d78bc35580c5f4ec85
104,2a6d5b50-1c05-11ea-9f0a-b827ebbb6c40,1.1511614322662354,1.040776252746582,2019-12-11 11:40:39,6da2514a-1bf7-11ea-9f0a-b827ebbb6c40|weakest_link_experiment,0,1,1,284,2a6d5b50-1c05-11ea-9f0a-b827ebbb6c40,Feed-Generator,3,0.3707277774810791,0.10096907615661621,0.2697587013244629,128,90aab53c8ff74842a10e32ad4c407e7d
104,2a6d5b50-1c05-11ea-9f0a-b827ebbb6c40,1.1511614322662354,1.040776252746582,2019-12-11 11:40:39,6da2514a-1bf7-11ea-9f0a-b827ebbb6c40|weakest_link_experiment,0,1,1,285,2a6d5b50-1c05-11ea-9f0a-b827ebbb6c40,Feed-WebView,4,1.1511614322662354,0.4208567142486572,0.7303047180175781,128,62be73cbff034a08abf787d45f842794
105,20271d46-1c07-11ea-9f0a-b827ebbb6c40,1.7469525337219238,1.4771945476531982,2019-12-11 11:40:39,6da2514a-1bf7-11ea-9f0a-b827ebbb6c40|weakest_link_experiment,0,1,1,286,20271d46-1c07-11ea-9f0a-b827ebbb6c40,Getter_list,2,1.0070419311523438,0.2694127559661865,0.7376291751861572,128,d95c965aa9eb439ca4028f496f191202
105,20271d46-1c07-11ea-9f0a-b827ebbb6c40,1.7469525337219238,1.4771945476531982,2019-12-11 11:40:39,6da2514a-1bf7-11ea-9f0a-b827ebbb6c40|weakest_link_experiment,0,1,1,287,20271d46-1c07-11ea-9f0a-b827ebbb6c40,Getter_Random3-Test.png,2,0.03777480125427246,0.000016689300537109375,0.03775811195373535,128,d95c965aa9eb439ca4028f496f191202
105,20271d46-1c07-11ea-9f0a-b827ebbb6c40,1.7469525337219238,1.4771945476531982,2019-12-11 11:40:39,6da2514a-1bf7-11ea-9f0a-b827ebbb6c40|weakest_link_experiment,0,1,1,288,20271d46-1c07-11ea-9f0a-b827ebbb6c40,Feed-Generator,3,1.7469525337219238,1.0451452732086182,0.7018072605133057,128,a2e514a1b8aa4341ba0bf294ccba1f52
106,15f3671a-1c09-11ea-9f0a-b827ebbb6c40,1.7734334468841553,1.5197806358337402,2019-12-11 11:40:39,6da2514a-1bf7-11ea-9f0a-b827ebbb6c40|weakest_link_experiment,0,1,1,289,15f3671a-1c09-11ea-9f0a-b827ebbb6c40,Getter_list,2,1.0284233093261719,0.25330400466918945,0.7751193046569824,128,30a01b7a71c74dfd9fe1319b44d58816
106,15f3671a-1c09-11ea-9f0a-b827ebbb6c40,1.7734334468841553,1.5197806358337402,2019-12-11 11:40:39,6da2514a-1bf7-11ea-9f0a-b827ebbb6c40|weakest_link_experiment,0,1,1,290,15f3671a-1c09-11ea-9f0a-b827ebbb6c40,Getter_Random3-Test.png,2,0.04869437217712402,0.000018358230590820312,0.0486760139465332,128,30a01b7a71c74dfd9fe1319b44d58816
106,15f3671a-1c09-11ea-9f0a-b827ebbb6c40,1.7734334468841553,1.5197806358337402,2019-12-11 11:40:39,6da2514a-1bf7-11ea-9f0a-b827ebbb6c40|weakest_link_experiment,0,1,1,291,15f3671a-1c09-11ea-9f0a-b827ebbb6c40,Feed-Generator,3,1.7734334468841553,1.0774481296539307,0.6959853172302246,128,078197a36b6e44d19a003bcaa527d4f1
107,16a342ac-1c09-11ea-9f0a-b827ebbb6c40,1.1503229141235352,1.05342698097229,2019-12-11 11:40:39,6da2514a-1bf7-11ea-9f0a-b827ebbb6c40|weakest_link_experiment,0,1,1,292,16a342ac-1c09-11ea-9f0a-b827ebbb6c40,Getter_list,2,0.05085158348083496,0.03471112251281738,0.016140460968017578,128,30a01b7a71c74dfd9fe1319b44d58816
107,16a342ac-1c09-11ea-9f0a-b827ebbb6c40,1.1503229141235352,1.05342698097229,2019-12-11 11:40:39,6da2514a-1bf7-11ea-9f0a-b827ebbb6c40|weakest_link_experiment,0,1,1,293,16a342ac-1c09-11ea-9f0a-b827ebbb6c40,Getter_Random3-Test.png,2,0.03854489326477051,0.000012636184692382812,0.038532257080078125,128,30a01b7a71c74dfd9fe1319b44d58816
107,16a342ac-1c09-11ea-9f0a-b827ebbb6c40,1.1503229141235352,1.05342698097229,2019-12-11 11:40:39,6da2514a-1bf7-11ea-9f0a-b827ebbb6c40|weakest_link_experiment,0,1,1,294,16a342ac-1c09-11ea-9f0a-b827ebbb6c40,Feed-Generator,3,0.34073328971862793,0.08966803550720215,0.2510652542114258,128,078197a36b6e44d19a003bcaa527d4f1
107,16a342ac-1c09-11ea-9f0a-b827ebbb6c40,1.1503229141235352,1.05342698097229,2019-12-11 11:40:39,6da2514a-1bf7-11ea-9f0a-b827ebbb6c40|weakest_link_experiment,0,1,1,295,16a342ac-1c09-11ea-9f0a-b827ebbb6c40,Feed-WebView,4,1.1503229141235352,0.4026339054107666,0.7476890087127686,128,a4300ff022c644a69e9f7d1f413d46a9
